DaunHerbal/1-1.jpg,21136.5,0.666666667,0,0,15.16666667,13.83333333,0,0,0,0,0,0,0,0,0,0,5127,0,0,0,7264.166667,1512.666667,0,0,0,0,0,0,0,0,0,0,47.5,0,0,0,4101.166667,642.8333333,0,0,38.66666667,70,0.333333333,0,0,0,0,0,0,0,0,0,0,0.333333333,0,0,4.333333333,24.83333333,0,0,0,0,0,0,28958,1619.333333,661,362.3333333,266,192.3333333,168.6666667,152.8333333,141,489.6666667,160.1666667,159,204.8333333,272,392.6666667,710.5,1725,3364.666667,0.017683895,0.016471719,0.018142416,0.016312943,416.0812437,586.7722729,364.9409983,656.1509408,0.785690941,0.697825997,0.812027928,0.66209733,12.6466871,12.83385792,12.57511023,12.88077293
DaunHerbal/1-10.jpg,22071.33333,0.333333333,0,0,4.666666667,7.333333333,0,0,0,0,0,0,0,0,0,0,4230.333333,0.333333333,0,0,5918,2096.5,0,0,0,0,0,0,0,0,0,0,44.83333333,0,0,0,4430.333333,959.8333333,0,0,49.5,126.3333333,1.333333333,0,0,0,0,0,0,0,0,0,0,0.333333333,0,0,8,50.33333333,0.333333333,0,0,0,0,0,29166.33333,1612.333333,621.5,319.3333333,223.3333333,173,126,114.5,121.8333333,455.5,114.6666667,148.3333333,157.8333333,239,342.6666667,623,1680.5,3760.333333,0.014709695,0.013827529,0.015218471,0.01378571,536.8339149,743.2661453,430.6421637,777.6685662,0.754991797,0.660793992,0.803390334,0.645093252,12.98417269,13.15236922,12.87416792,13.1691964
DaunHerbal/1-11.jpg,21964.83333,0.5,0,0,3.333333333,10.5,0,0,0,0,0,0,0,0,0,0,4195.5,2.333333333,0,0,6026,2100.5,0,0,0,0,0,0,0,0,0,0,48.16666667,0,0,0,4451.333333,969.6666667,0,0,45.33333333,120,1.666666667,0,0,0,0,0,0,0,0,0,0,0.333333333,0,0,8.833333333,50.83333333,0.333333333,0,0,0,0,0,29230,1647.333333,637,332.5,217.5,174,137.1666667,118.6666667,102.8333333,461.1666667,112.3333333,144.8333333,174.8333333,231.1666667,344.3333333,625.5,1620,3688.833333,0.014773077,0.013848189,0.015334758,0.013864428,537.6071285,750.5493952,431.4875689,771.4388685,0.754875434,0.657807467,0.803220528,0.648282841,12.98195579,13.15545657,12.86844193,13.16239942
DaunHerbal/1-12.jpg,21674.83333,0,0,0,3.833333333,10.33333333,0,0,0,0,0,0,0,0,0,0,4240.5,1.5,0,0,6359.333333,2098.5,0,0,0,0.333333333,0,0,0,0,0,0,54.83333333,0,0,0,4350.833333,965.6666667,0,0,54.5,125,1,0,0,0,0,0,0,0,0,0,0,0,0,0,7.166666667,51.83333333,0,0,0,0,0,0,29315.83333,1648.666667,664.1666667,333.8333333,211.5,180,136,120.6666667,106.8333333,469.6666667,131.6666667,142.1666667,171.6666667,245.3333333,353.5,648,1670.833333,3449.666667,0.014809178,0.013865011,0.01536917,0.013875736,528.5845242,737.4600064,424.6011362,756.0386233,0.756145907,0.659810068,0.804081171,0.651240556,12.96711274,13.14213441,12.85513821,13.14793732
DaunHerbal/1-13.jpg,21502.66667,0,0,0,3.666666667,11.83333333,0,0,0,0,0,0,0,0,0,0,4365,0.333333333,0,0,6648,2029,0,0,0,0,0,0,0,0,0,0,48.33333333,0,0,0,4214.5,958.3333333,0,0,46,114.8333333,2,0,0,0,0,0,0,0,0,0,0,0,0,0,8,47.5,0,0,0,0,0,0,29291.66667,1644.666667,603.1666667,333.8333333,226,162.3333333,130.5,115.5,121,447.8333333,121.8333333,128.8333333,182.3333333,225.8333333,343.5,658.1666667,1670.666667,3592.333333,0.014566795,0.013641623,0.015071047,0.013629439,521.2605718,731.9703725,416.8872807,747.0426274,0.756593655,0.658211264,0.805309768,0.651172239,12.9713879,13.14747277,12.85994739,13.15470569
DaunHerbal/1-14.jpg,21397.16667,0.666666667,0,0,1.333333333,4.5,0,0,0,0,0,0,0,0,0,0,4336.166667,2.666666667,0,0,6677.166667,2086.166667,0,0,0,0,0,0,0,0,0,0,53.66666667,0,0,0,4251.5,995.1666667,0,0,40.5,101.6666667,1.666666667,0,0,0,0,0,0,0,0,0,0,0,0,0,4.833333333,44.83333333,0.333333333,0,0,0,0,0,29252.66667,1626.166667,647.6666667,337.5,236.3333333,166,130.8333333,115.1666667,107.3333333,453,125.6666667,139,156.1666667,219.5,348.1666667,636.6666667,1615,3687.166667,0.015026639,0.014050811,0.015543474,0.014010899,505.1087312,715.8183522,410.4489975,724.4797386,0.760535082,0.66067508,0.805452477,0.65657445,12.91911995,13.10164622,12.81394068,13.10683678
DaunHerbal/1-15.jpg,21370.83333,0.666666667,0,0,4,2.833333333,0,0,0,0,0,0,0,0,0,0,4271.333333,0.666666667,0,0,6712.166667,2080.5,0,0,0,0,0,0,0,0,0,0,54.5,0,0,0,4343.666667,977.6666667,0,0,41.5,98.66666667,1.333333333,0,0,0,0,0,0,0,0,0,1,0,0,0,5.5,32.83333333,0.333333333,0,0,0,0,0,29271,1652,636.3333333,343.8333333,228.6666667,171.5,137.8333333,125.3333333,121.1666667,459,109,150.5,172.3333333,232,352.5,647.8333333,1668.666667,3520.5,0.014879297,0.013873384,0.015402285,0.013907829,499.452379,713.7625366,405.8525689,712.0783553,0.760376731,0.657601382,0.805290483,0.658408643,12.91743804,13.10488447,12.81215932,13.10125316
DaunHerbal/1-16.jpg,21636.33333,0,0,0,11.83333333,8,0,0,0,0,0,0,0,0,0,0,5119.666667,0.333333333,0,0,7045.5,1595,0,0,0,0,0,0,0,0,0,0,38.83333333,0,0,0,3756.5,643,0,0,28.33333333,80.66666667,1.333333333,0,0,0,0,0,0,0,0,0,0,0,0,0,2.5,32.16666667,0,0,0,0,0,0,29002.5,1615.666667,635.5,353.3333333,218.6666667,168.1666667,138.5,125.8333333,120.6666667,462.3333333,121.6666667,135.1666667,186.5,251.5,349.1666667,677.6666667,1731.166667,3706,0.015866459,0.014809932,0.016255889,0.01468193,446.1925668,626.2514174,389.9700376,689.5564412,0.775330756,0.684717662,0.803642914,0.652846347,12.80311371,12.98840928,12.73119354,13.02793596
DaunHerbal/1-17.jpg,21503.66667,0,0,0,5.5,9.166666667,0,0,0,0,0,0,0,0,0,0,5173.833333,0,0,0,6959.333333,1643.833333,0,0,0,0,0,0,0,0,0,0,39.33333333,0,0,0,3843.5,681.5,0,0,29.5,78,1.5,0,0,0,0,0,0,0,0,0,0,0,0,0,2.333333333,29,0,0,0,0,0,0,28913.33333,1585.666667,634.1666667,344.8333333,222,186,135.1666667,130.5,107,449.6666667,124.6666667,130.6666667,163.8333333,227.5,371.8333333,661.6666667,1746.333333,3865.166667,0.01567784,0.014677879,0.016175732,0.014569918,446.2320576,628.4957971,379.7559607,691.3599943,0.777572337,0.68678168,0.810700824,0.655451075,12.81596615,13.00023934,12.73093064,13.03796531
DaunHerbal/1-18.jpg,21600.83333,0.333333333,0,0,5.666666667,4.5,0,0,0,0,0,0,0,0,0,0,4993.166667,0.333333333,0,0,6766.5,1709.166667,0,0,0,0,0,0,0,0,0,0,50.33333333,0,0,0,4015.666667,715.5,0,0,21.33333333,82.66666667,2,0,0,0,0,0,0,0,0,0,0.333333333,0,0,0,1.333333333,30.33333333,0,0,0,0,0,0,29143.83333,1623.333333,639.8333333,318.3333333,210.1666667,178.5,143.5,120.3333333,112.3333333,454.5,123,131.6666667,176.1666667,227.1666667,341.3333333,655.3333333,1608.166667,3792.5,0.01543322,0.014473023,0.015941417,0.01441167,461.8951419,652.442199,390.1883835,705.0916774,0.772121942,0.678178624,0.807536229,0.652209802,12.84454619,13.02732807,12.75337549,13.05455719
DaunHerbal/1-19.jpg,21803.33333,0.333333333,0,0,5.666666667,5.166666667,0,0,0,0,0,0,0,0,0,0,4811.166667,1.666666667,0,0,6596.666667,1843,0,0,0,0,0,0,0,0,0,0,49.16666667,0,0,0,3958.5,778,0,0,23.5,92,1.666666667,0,0,0,0,0,0,0,0,0,0,0,0,0,1.166666667,29,0,0,0,0,0,0,29103.16667,1614.5,593.1666667,332.3333333,208.5,155,125,119,107.5,456.3333333,121,125.6666667,177.5,239.1666667,343,640.1666667,1657.833333,3881.166667,0.015304652,0.014337576,0.015787543,0.014288098,480.7340526,676.2675219,403.5777318,729.2567939,0.766510917,0.671601092,0.803974766,0.645868994,12.87448288,13.05432773,12.78230782,13.07890228
DaunHerbal/1-2.jpg,21223,0,0,0,14.5,9,0,0,0,0,0,0,0,0,0,0,5236,0,0,0,7016,1610.333333,0,0,0,0,0,0,0,0,0,0,38.66666667,0,0,0,4009.833333,697.6666667,0,0,22,90.66666667,1.333333333,0,0,0,0,0,0,0,0,0,0,0,0,0,5.166666667,25.5,0.333333333,0,0,0,0,0,29005.5,1586.833333,656.5,356.3333333,222.8333333,171.6666667,142.6666667,116,119.5,457,143.1666667,144.6666667,182.5,231.6666667,370.3333333,694.8333333,1754.5,3643.5,0.015553815,0.014564945,0.015988285,0.014451071,453.218606,629.3895841,389.3145948,696.0966021,0.771806211,0.683153859,0.803989832,0.649574646,12.82750995,13.00518069,12.74870255,13.04559674
DaunHerbal/1-20.jpg,21972,0,0,0,5.333333333,5.166666667,0,0,0,0,0,0,0,0,0,0,4687.666667,0.666666667,0,0,6426.666667,1897.666667,0,0,0,0,0,0,0,0,0,0,43.16666667,0,0,0,3996.5,791,0,0,29.66666667,97.66666667,1.5,0,0,0,0,0,0,0,0,0,0,0,0,0,3.666666667,41.66666667,0,0,0,0,0,0,28983.83333,1571.5,592.8333333,327.8333333,210.5,162.8333333,143.8333333,118,102.5,455.6666667,111.1666667,120.1666667,152.3333333,220.1666667,324.6666667,666,1696.166667,4040,0.015119849,0.014221143,0.015630294,0.014106708,493.2326711,688.7047,408.7408104,749.9259375,0.765457683,0.672576122,0.805715027,0.643469685,12.90431776,13.0777117,12.80676137,13.1110175
DaunHerbal/1-21.jpg,21959.83333,0,0,0,2.833333333,6.5,0,0,0,0,0,0,0,0,0,0,4577.666667,0,0,0,6272.833333,1963.5,0,0,0,0,0,0,0,0,0,0,53.83333333,0,0,0,4132.833333,832.6666667,0,0,31.16666667,121.5,1.333333333,0,0,0,0,0,0,0,0,0,0,0,0,0,3.166666667,40.33333333,0,0,0,0,0,0,29026.33333,1564.5,600.1666667,319.1666667,206.1666667,158.6666667,135,115,106.1666667,446.6666667,111.3333333,124.6666667,172.8333333,221,342.1666667,656.6666667,1647.833333,4045.666667,0.014932704,0.014059306,0.015466727,0.013965261,512.3726169,707.6916289,418.7438722,767.7970845,0.761468264,0.670628448,0.805040592,0.64265461,12.94131734,13.10891857,12.83655657,13.14131741
DaunHerbal/1-22.jpg,21943,1.166666667,0,0,3,7,0,0,0,0,0,0,0,0,0,0,4442.5,0,0,0,6263,2073,0,0,0,0,0,0,0,0,0,0,48.66666667,0,0,0,4123,863.3333333,0,0,52.5,115.1666667,2,0,0,0,0,0,0,0,0,0,0,0,0,0,8.333333333,54.33333333,0,0,0,0,0,0,29104.83333,1571.166667,585,324.6666667,217.8333333,166.5,139.5,106.1666667,114.5,445.5,107.8333333,138.8333333,167.3333333,217.8333333,337,626,1656.5,3973,0.014886102,0.013982008,0.015370065,0.0139212,518.1904007,721.2639194,421.1499332,770.4639604,0.763582142,0.671024971,0.807969496,0.648585257,12.96076203,13.13316181,12.85525977,13.15798914
DaunHerbal/1-23.jpg,21963,0,0,0,4.833333333,9,0,0,0,0,0,0,0,0,0,0,4400.666667,1.166666667,0,0,6269.5,2093.5,0,0,0,0,0,0,0,0,0,0,47,0,0,0,4052.666667,921.3333333,0,0,47.5,120.1666667,1.333333333,0,0,0,0,0,0,0,0,0,0,0,0,0,6.833333333,61.16666667,0.333333333,0,0,0,0,0,29097.33333,1581.666667,584.3333333,332.6666667,216.3333333,161.5,134.3333333,113.5,102,438,107.3333333,121.8333333,151.5,207.6666667,307.3333333,589.5,1619.333333,4133.833333,0.014598026,0.013762606,0.015174274,0.013696163,531.4842696,738.7194363,424.258208,781.8007623,0.759534724,0.665868775,0.808015182,0.646381695,12.99281028,13.16061628,12.87537575,13.18226925
DaunHerbal/1-24.jpg,22246.83333,0,0,0,4,6.833333333,0,0,0,0,0,0,0,0,0,0,4116.5,0.333333333,0,0,6022,2112,0,0,0,0,0,0,0,0,0,0,45.83333333,0,0,0,4267.666667,931.1666667,0,0,49.33333333,129.8333333,1.333333333,0,0,0,0,0,0,0,0,0,0,0,0,0,7.333333333,59,0,0,0,0,0,0,29052.5,1587.5,589.3333333,312.3333333,201,155.3333333,133.3333333,108.3333333,105.5,442.5,112.6666667,138.1666667,160.6666667,200,319.5,615,1681.5,4084.833333,0.01484802,0.013976244,0.015370142,0.013902705,547.6379716,750.8245614,440.0419507,798.1803172,0.75564907,0.66507791,0.803702808,0.643953929,12.99269047,13.15640293,12.88122997,13.18120994
DaunHerbal/1-25.jpg,22332.16667,0.333333333,0,0,2,6.166666667,0,0,0,0,0,0,0,0,0,0,4087.166667,1.5,0,0,5836.5,2158.333333,0,0,0,0,0,0,0,0,0,0,50.16666667,0,0,0,4343,941,0,0,51.83333333,127.6666667,1.666666667,0,0,0,0,0,0,0,0,0,0,0,0,0,6.666666667,53.83333333,0,0,0,0,0,0,29068.5,1565.833333,591.8333333,320.3333333,215.8333333,150.8333333,127.6666667,110.8333333,86.16666667,439.1666667,111,132.3333333,158.5,229.6666667,331.6666667,608.1666667,1640.666667,4111,0.014789694,0.013956044,0.015388667,0.013897848,536.3301252,746.5728553,423.7476483,785.4426843,0.760444303,0.66664388,0.810703092,0.649287005,12.98488851,13.1541567,12.86510738,13.1727833
DaunHerbal/1-26.jpg,22220.33333,0.666666667,0,0,5.5,8.666666667,0,0,0,0,0,0,0,0,0,0,4048.666667,0,0,0,5915.666667,2205.333333,0,0,0,0,0,0,0,0,0,0,44.33333333,0,0,0,4337.5,966.6666667,0,0,51.5,131.5,2,0,0,0,0,0,0,0,0,0,0,0,0,0,8.666666667,52.66666667,0.333333333,0,0,0,0,0,29158.33333,1597.333333,597.6666667,306.1666667,203.6666667,152.1666667,121.8333333,113,102,432.5,108.3333333,125.3333333,170.6666667,208,311.3333333,605.5,1565.833333,4120.333333,0.014715068,0.013846887,0.015300132,0.013845943,537.7190693,754.5057468,424.7608855,779.474383,0.759744847,0.662989849,0.810232184,0.651841317,12.99300374,13.1663677,12.87261451,13.1754152
DaunHerbal/1-27.jpg,21955,1,0,0,4.833333333,8,0,0,0,0,0,0,0,0,0,0,4091.333333,0.666666667,0,0,6275.166667,2234.5,0,0,0,0,0,0,0,0,0,0,45.5,0,0,0,4153.666667,983.3333333,0,0,54.16666667,132,1.333333333,0,0,0,0,0,0,0,0,0,0.333333333,0,0,0,7.166666667,51.66666667,0.333333333,0,0,0,0,0,29129.16667,1645.666667,612.3333333,322.1666667,202.1666667,155.1666667,118.3333333,115.3333333,97.83333333,442.6666667,117,114,160.6666667,220.6666667,319,629.8333333,1611.333333,3986.666667,0.014733162,0.013829687,0.015292145,0.013815946,532.0399833,743.7463442,419.1882206,768.4482575,0.759897752,0.664453307,0.810839384,0.653309949,12.9843472,13.15774926,12.86359473,13.16804244
DaunHerbal/1-28.jpg,21770.5,1,0,0,2,8.333333333,0,0,0,0,0,0,0,0,0,0,4139.833333,0.833333333,0,0,6510.833333,2183.5,0,0,0,0,0,0,0,0,0,0,45.66666667,0,0,0,4156.166667,933.6666667,0,0,52.33333333,125.8333333,1.833333333,0,0,0,0,0,0,0,0,0,0,0,0,0,8.666666667,58.66666667,0.333333333,0,0,0,0,0,29145.33333,1608.5,590,324.3333333,203.5,163.5,134.6666667,113.3333333,104,448,115.1666667,123.6666667,150.3333333,234,341.6666667,612.5,1596.166667,3991.333333,0.014696555,0.01380955,0.015289759,0.013781432,521.5445367,734.451132,410.8578112,753.9046113,0.762002675,0.664944832,0.812544082,0.656070245,12.9713216,13.14799776,12.84983997,13.15735667
DaunHerbal/1-29.jpg,21716,0,0,0,2.333333333,3.666666667,0,0,0,0,0,0,0,0,0,0,4149.5,0.333333333,0,0,6495.166667,2214.333333,0,0,0,0,0,0,0,0,0,0,52,0,0,0,4211.5,937.8333333,0,0,43.66666667,120.1666667,1.333333333,0,0,0,0,0,0,0,0,0,0,0,0,0,6.333333333,45.5,0.333333333,0,0,0,0,0,29270.33333,1582.833333,611,322,210.3333333,148,122.6666667,113.5,101.5,442.8333333,116,130.5,159.3333333,231.8333333,326.3333333,619.3333333,1633,3858.666667,0.014815005,0.013882026,0.015372564,0.013879002,512.8581177,728.6947712,408.5237135,738.6107715,0.762909739,0.663231407,0.811240394,0.65865041,12.95035344,13.13111382,12.83496524,13.13569892
DaunHerbal/1-3.jpg,21309.33333,0.333333333,0,0,6.166666667,5.833333333,0,0,0,0,0,0,0,0,0,0,5045,0,0,0,6877,1636.333333,0,0,0,0,0,0,0,0,0,0,52,0,0,0,4193.666667,738,0,0,25.33333333,79.83333333,0.666666667,0,0,0,0,0,0,0,0,0,0.333333333,0,0,0,1.833333333,28.33333333,0,0,0,0,0,0,29095.5,1665.666667,661,353.3333333,234.5,171.1666667,143.1666667,125,117.5,461.5,122.6666667,152.6666667,188.1666667,239.8333333,364.3333333,663,1669,3572,0.015472346,0.014462739,0.015948055,0.014406353,466.5497579,649.2614843,398.9589181,707.5417007,0.767409278,0.676376763,0.801127093,0.647327018,12.84337357,13.02111719,12.75835235,13.05313366
DaunHerbal/1-30.jpg,21623.83333,0.666666667,0,0,1.666666667,2.166666667,0,0,0,0,0,0,0,0,0,0,4108.666667,0.333333333,0,0,6530.833333,2262.833333,0,0,0,0,0,0,0,0,0,0,52.16666667,0,0,0,4240.333333,968.3333333,0,0,40.16666667,118.6666667,1.333333333,0,0,0,0,0,0,0,0,0,0,0.666666667,0,0,8.833333333,38.16666667,0.333333333,0,0,0,0,0,29216,1618.5,608,326.3333333,199.6666667,174.1666667,130.6666667,114.8333333,105.3333333,457.6666667,108,123.1666667,167,221.6666667,348.8333333,602.8333333,1633.666667,3843.666667,0.014924587,0.013929298,0.015450042,0.01394583,499.0259683,717.7152564,399.0207435,720.369852,0.765679584,0.66310129,0.812665128,0.661854744,12.92462797,13.11321671,12.81136228,13.11425772
DaunHerbal/1-31.jpg,22273.83333,0.666666667,0,0,6.5,6.333333333,0,0,0,0,0,0,0,0,0,0,5163,0,0,0,6999.5,1559,0,0,0,0,0,0,0,0,0,0,19.33333333,0,0,0,3198.833333,638.1666667,0,0,32,72.83333333,2,0,0,0,0,0,0,0,0,0,0,0,0,0,2.666666667,25.33333333,0,0,0,0,0,0,29008.33333,1599.666667,636.3333333,329,212.6666667,175.8333333,149.1666667,132.6666667,114,452.3333333,143.3333333,143.1666667,161.1666667,232.3333333,349.6666667,669.3333333,1742.166667,3748.833333,0.015733033,0.014780154,0.016241083,0.014653425,455.3694407,646.5935791,399.950685,705.8551596,0.770619915,0.674342068,0.798522992,0.644493024,12.81917486,13.00312312,12.7444201,13.03879512
DaunHerbal/1-32.jpg,22178,0,0,0,6.166666667,4.833333333,0,0,0,0,0,0,0,0,0,0,5137.666667,0,0,0,6959,1647.5,0,0,0,0,0,0,0,0,0,0,24.5,0,0,0,3234,670.5,0,0,24.5,80.66666667,2,0,0,0,0,0,0,0,0,0,0,0,0,0,2.5,27.83333333,0.333333333,0,0,0,0,0,29004.16667,1618.5,629.1666667,337.1666667,207.8333333,153.5,130.3333333,113.8333333,109.5,451.8333333,112.5,142,162.1666667,232,357,640.5,1665.5,3932.5,0.015788371,0.014857242,0.016329485,0.014745458,456.3196578,646.3129192,388.7675021,705.1630579,0.772372254,0.677657729,0.806056848,0.648307042,12.81661157,12.99856019,12.7283126,13.03322038
DaunHerbal/1-33.jpg,22423.33333,0,0,0,6,5.666666667,0,0,0,0,0,0,0,0,0,0,4928,0,0,0,6756.833333,1706.833333,0,0,0,0,0,0,0,0,0,0,25.33333333,0,0,0,3313.666667,702.8333333,0,0,26.83333333,73.33333333,1.666666667,0,0,0,0,0,0,0,0,0,0,0,0,0,2.333333333,27.33333333,0,0,0,0,0,0,29081.16667,1622.5,604.3333333,329,228.5,168.5,131,115.3333333,103.6666667,454.8333333,115.5,141.6666667,155.3333333,228.8333333,346.5,634,1666.166667,3873.166667,0.015675934,0.014728214,0.016190068,0.014646336,469.9123998,668.4863118,400.4362907,721.0808239,0.767602091,0.669458229,0.801972002,0.643450061,12.83412078,13.01722976,12.74900716,13.04458312
DaunHerbal/1-34.jpg,22603.83333,0.333333333,0,0,3,7.333333333,0,0,0,0,0,0,0,0,0,0,4793.666667,0.333333333,0,0,6604.666667,1788,0,0,0,0,0,0,0,0,0,0,33.16666667,0,0,0,3260,763.3333333,0,0,20.83333333,91.16666667,1.333333333,0,0,0,0,0,0,0,0,0,0,0,0,0,2.166666667,26.83333333,0,0,0,0,0,0,29011.33333,1619.166667,588.5,331.6666667,220.8333333,154.6666667,144.8333333,113.8333333,112.3333333,449.6666667,120.1666667,129.8333333,163,210.3333333,348.6666667,618.6666667,1660.666667,4001.833333,0.015603979,0.014657566,0.016055732,0.014579832,490.1811352,693.9332597,415.1625564,748.0706524,0.762083694,0.663260319,0.798498175,0.636989821,12.86370898,13.04223139,12.7774497,13.06980008
DaunHerbal/1-35.jpg,22743.66667,0.666666667,0,0,2.5,6,0,0,0,0,0,0,0,0,0,0,4621.166667,1.833333333,0,0,6485.333333,1858,0,0,0,0,0,0,0,0,0,0,33.33333333,0,0,0,3275.833333,799.3333333,0,0,32.16666667,94,1.333333333,0,0,0,0,0,0,0,0,0,0,0,0,0,2.666666667,42.16666667,0,0,0,0,0,0,28972.66667,1601.833333,592.6666667,308.1666667,203.6666667,155.5,139.1666667,125.3333333,99.83333333,449,100.5,134.8333333,170,225.8333333,325.8333333,623.8333333,1687.5,4083.833333,0.015389404,0.014506783,0.015892268,0.014390902,505.9746828,708.7573734,420.9529741,771.76057,0.760026007,0.663930643,0.800448446,0.634057088,12.89972898,13.07116193,12.80491681,13.10455248
DaunHerbal/1-36.jpg,22742.33333,0.833333333,0,0,4.666666667,6.166666667,0,0,0,0,0,0,0,0,0,0,4484.166667,0,0,0,6377.5,1923.666667,0,0,0,0,0,0,0,0,0,0,33,0,0,0,3388.833333,853.3333333,0,0,34.16666667,111.1666667,0.666666667,0,0,0,0,0,0,0,0,0,0,0.333333333,0,0,3.833333333,35.33333333,0,0,0,0,0,0,28979.16667,1578.166667,599.3333333,333.5,209.6666667,164,134.8333333,123.6666667,111.5,445.8333333,118.5,144,156.8333333,215.8333333,326.8333333,614.6666667,1687.833333,4055.833333,0.015165609,0.014303092,0.015688854,0.014198093,521.171899,725.7769465,431.8771596,786.5985958,0.758343148,0.663565281,0.799745706,0.635370414,12.93293782,13.10141467,12.83630793,13.13435286
DaunHerbal/1-37.jpg,22719.83333,0.333333333,0,0,3.833333333,5.833333333,0,0,0,0,0,0,0,0,0,0,4383,0,0,0,6264.666667,2000.833333,0,0,0,0,0,0,0,0,0,0,32.83333333,0,0,0,3457,894.8333333,0,0,55.83333333,121.5,2.333333333,0,0,0,0,0,0,0,0,0,0,0,0,0,5.666666667,51.66666667,0,0,0,0,0,0,29093.66667,1600.833333,608,292.1666667,206,146.1666667,129.1666667,113.3333333,97,443.1666667,116.3333333,135,166.8333333,210.6666667,327.1666667,606.8333333,1645,4062.666667,0.015104343,0.014228471,0.015590423,0.01416159,531.4841528,743.1639575,434.4054344,792.6994866,0.759501324,0.663814993,0.803552234,0.641408548,12.96153382,13.13169215,12.85933086,13.15711615
DaunHerbal/1-38.jpg,22652.5,0,0,0,4.833333333,5.5,0,0,0,0,0,0,0,0,0,0,4285.166667,0,0,0,6328,2049,0,0,0,0,0,0,0,0,0,0,31.5,0,0,0,3525.5,886,0,0,44.16666667,124.1666667,1.666666667,0,0,0,0,0,0,0,0,0,0.333333333,0,0,0,6.666666667,54.66666667,0.333333333,0,0,0,0,0,29062.33333,1559.666667,596,328,206.1666667,140.1666667,119.8333333,112.8333333,101.3333333,448.6666667,116.6666667,139.5,150,208.3333333,316,613.1666667,1619.666667,4161.666667,0.01486039,0.014046036,0.015459137,0.013962382,545.0440067,756.6216878,436.6517419,805.3376513,0.755646261,0.660898467,0.804217555,0.639064623,12.98987616,13.15407412,12.87373438,13.1786728
DaunHerbal/1-39.jpg,23020.66667,0.333333333,0,0,2.166666667,6.333333333,0,0,0,0,0,0,0,0,0,0,4063.666667,0.333333333,0,0,5982.5,2058.666667,0,0,0,0,0,0,0,0,0,0,30.83333333,0,0,0,3645.333333,944.6666667,0,0,57.83333333,126.5,1.666666667,0,0,0,0,0,0,0,0,0,0,0,0,0,5.5,52.33333333,0.666666667,0,0,0,0,0,29051.16667,1582.333333,553.8333333,312.5,208.1666667,141,116.3333333,113.8333333,96.5,455.1666667,108.5,122,160.6666667,193.8333333,316.6666667,620.8333333,1644.833333,4201.833333,0.014755766,0.013970073,0.015316781,0.013845292,565.053172,778.6220016,457.9842272,831.0484893,0.750845686,0.656771115,0.798092838,0.633662071,13.01559149,13.17744785,12.90761935,13.20381414
DaunHerbal/1-4.jpg,21450.66667,0.666666667,0,0,6.833333333,8,0,0,0,0,0,0,0,0,0,0,4922.833333,0,0,0,6659.5,1775.5,0,0,0,0,0,0,0,0,0,0,55.33333333,0,0,0,4195.833333,775.5,0,0,27.5,87.83333333,1.666666667,0,0,0,0,0,0,0,0,0,0,0,0,0,2.333333333,30,0,0,0,0,0,0,29165.66667,1618,649.6666667,337.5,215.1666667,165.1666667,133.8333333,113.5,115.5,446.3333333,126.3333333,141.5,173,240.1666667,354,653.3333333,1652.5,3698.833333,0.015350758,0.014350867,0.015794775,0.01428569,481.6658472,670.6053657,411.5486508,726.4621487,0.763367449,0.670605582,0.797804858,0.643168959,12.86808868,13.04567956,12.78565006,13.07345555
DaunHerbal/1-40.jpg,23198.5,0.333333333,0,0,3.833333333,6.666666667,0,0,0,0,0,0,0,0,0,0,3963.333333,1.166666667,0,0,5773,2105.833333,0,0,0,0,0,0,0,0,0,0,31.33333333,0,0,0,3708.666667,961.1666667,0,0,55.5,130.5,1.333333333,0,0,0,0,0,0,0,0,0,0,0,0,0,7.333333333,51.16666667,0.333333333,0,0,0,0,0,29073.66667,1568.5,575.6666667,337.8333333,215.5,148.8333333,116.1666667,97.5,99.33333333,449,115.3333333,122.5,161.3333333,193.6666667,316.1666667,586,1644,4179,0.014977394,0.014150967,0.015558735,0.014089553,551.501515,770.4704374,439.7039432,811.4805754,0.75655569,0.660007056,0.805879414,0.64190982,12.99157771,13.15996009,12.8753663,13.17955739
DaunHerbal/1-41.jpg,23080.33333,0.333333333,0,0,4,3.833333333,0,0,0,0,0,0,0,0,0,0,3868.833333,0.333333333,0,0,5937.166667,2162.5,0,0,0,0,0,0,0,0,0,0,34.16666667,0,0,0,3678.5,976.6666667,0,0,54.16666667,134.5,2.666666667,0,0,0,0,0,0,0,0,0,0,0,0,0,6.333333333,55.66666667,0,0,0,0,0,0,29154.66667,1562,609.5,296.6666667,200.6666667,159,127.6666667,106.1666667,107.3333333,446.6666667,100.3333333,123,147.5,205.1666667,311.3333333,580.6666667,1597.666667,4164,0.01491223,0.014057756,0.015479154,0.014028657,549.5087688,774.289095,439.3947034,804.2619654,0.757232301,0.658026281,0.805884852,0.644788871,12.99458068,13.16666837,12.88124082,13.17870604
DaunHerbal/1-42.jpg,22761.16667,0,0,0,4.833333333,6.833333333,0,0,0,0,0,0,0,0,0,0,4009,0.333333333,0,0,6248.833333,2141.333333,0,0,0,0,0,0,0,0,0,0,35.83333333,0,0,0,3545.333333,998.6666667,0,0,57.66666667,130.3333333,1.333333333,0,0,0,0,0,0,0,0,0,0,0,0,0,6.5,52,0,0,0,0,0,0,29030,1608.5,594.6666667,312.6666667,210,150.1666667,140.3333333,107.5,108.8333333,450,112.6666667,135.5,141.1666667,216.6666667,332,622.8333333,1647.166667,4079.333333,0.014975066,0.014108448,0.015543589,0.014068929,544.1948623,763.3872327,431.9977026,791.461337,0.757129536,0.659417394,0.807228955,0.646890837,12.98343249,13.15598697,12.86731487,13.16836936
DaunHerbal/1-43.jpg,22533.16667,0.333333333,0,0,5,9.833333333,0,0,0,0,0,0,0,0,0,0,3991.833333,0.666666667,0,0,6505.5,2156.833333,0,0,0,0,0,0,0,0,0,0,34.33333333,0,0,0,3563.333333,964,0,0,50.16666667,120.8333333,1.5,0,0,0,0,0,0,0,0,0,0.333333333,0,0,0,5.666666667,56.33333333,0.333333333,0,0,0,0,0,29128.83333,1631.333333,597.1666667,326.5,218.8333333,162,117.6666667,109,98.83333333,437.8333333,115.1666667,130,144.6666667,217.6666667,325.8333333,615.8333333,1636.166667,3986.666667,0.014825228,0.013971457,0.015442245,0.013938729,539.3589065,759.3850319,425.3176901,780.9861883,0.757470579,0.658659812,0.808794118,0.648951147,12.98422764,13.1562758,12.86102964,13.16679412
DaunHerbal/1-44.jpg,22520.5,0.333333333,0,0,1.166666667,3.333333333,0,0,0,0,0,0,0,0,0,0,3964.166667,0.333333333,0,0,6403.333333,2231.333333,0,0,0,0,0,0,0,0,0,0,36,0,0,0,3641.666667,987.6666667,0,0,37.66666667,117.6666667,1.166666667,0,0,0,0,0,0,0,0,0,0,0.333333333,0,0,7.5,45.5,0.333333333,0,0,0,0,0,29189,1596.833333,623,313.6666667,202.3333333,155,130.1666667,107.1666667,100.6666667,441.1666667,110.5,132.5,155.6666667,198.8333333,323.1666667,618.3333333,1614.333333,3987.666667,0.01498864,0.014071306,0.015559672,0.014060968,525.4876669,750.3610236,424.3446909,764.5443701,0.760510351,0.658141543,0.806707818,0.65167946,12.95553746,13.13550539,12.84555802,13.14176705
DaunHerbal/1-45.jpg,22493.33333,0,0,0,0.5,5.5,0,0,0,0,0,0,0,0,0,0,3923.333333,0,0,0,6513.833333,2295,0,0,0,0,0,0,0,0,0,0,35.5,0,0,0,3545.5,987.3333333,0,0,40.33333333,112.8333333,1.666666667,0,0,0,0,0,0,0,0,0,0,0,0,0,7.5,37.83333333,0,0,0,0,0,0,29149.83333,1626.5,585.5,303.6666667,206.1666667,160.1666667,127.1666667,114.3333333,96.5,449.3333333,113.6666667,131.3333333,164.1666667,211.8333333,338,607.5,1608.833333,4005.5,0.015135281,0.01417606,0.015666563,0.01416369,512.6671745,740.6651646,414.968751,747.8653478,0.762657189,0.657206224,0.807903121,0.653873599,12.93000333,13.11623438,12.8222494,13.11937146
DaunHerbal/1-46.jpg,21958.83333,1.666666667,0,0,5,7,0,0,0,0,0,0,0,0,0,0,5409.333333,0,0,0,7094.166667,1593.166667,0,0,0,0,0,0,0,0,0,0,22.83333333,0,0,0,3172.833333,602.1666667,0,0,27.16666667,74.5,1,0,0,0,0,0,0,0,0,0,0,0,0,0,2.5,27.83333333,0,0,0,0,0,0,29020.16667,1603.833333,636.1666667,350.3333333,218.3333333,168.3333333,145,123.6666667,100.5,445.6666667,121.3333333,138.8333333,166.8333333,217.1666667,345.6666667,655.3333333,1730.833333,3812,0.015780251,0.014781159,0.016140156,0.01465973,449.709303,641.238363,407.0799582,700.2502626,0.770740617,0.673219502,0.79249514,0.643148144,12.81319439,12.99984791,12.75398091,13.03550104
DaunHerbal/1-47.jpg,21931.83333,3.333333333,0,0,3.666666667,4,0,0,0,0,0,0,0,0,0,0,5396.333333,1.5,0,0,6988.333333,1705.166667,0,0,0,0,0,0,0,0,0,0,23.16666667,0,0,0,3155.166667,648.1666667,0,0,27.16666667,79,1.333333333,0,0,0,0,0,0,0,0,0,0.333333333,0,0,0,3.166666667,28.33333333,0,0,0,0,0,0,28981.5,1571.5,622.6666667,332.1666667,212.6666667,157.1666667,122.6666667,116.3333333,99.83333333,439.5,116.8333333,142.1666667,163.8333333,217.8333333,342.8333333,644.3333333,1701.5,4014.666667,0.01566964,0.014691602,0.01604907,0.014574692,452.3643865,645.3501199,398.7994319,706.729407,0.771530188,0.674183475,0.798600932,0.643194464,12.82214913,13.00790896,12.75293919,13.04472252
DaunHerbal/1-48.jpg,22169.66667,1,0,0,8.166666667,10,0,0,0,0,0,0,0,0,0,0,5211,0.666666667,0,0,6836.166667,1722.666667,0,0,0,0,0,0,0,0,0,0,29.33333333,0,0,0,3189.166667,688.6666667,0,0,22,74,1.333333333,0,0,0,0,0,0,0,0,0,0.333333333,0,0,0,2,33.83333333,0,0,0,0,0,0,29093.83333,1637.166667,620.1666667,333.6666667,213.5,148.3333333,115.6666667,108,102.1666667,459.8333333,103.5,137,170.1666667,229.8333333,319.6666667,631,1654.833333,3921.666667,0.015558205,0.014595796,0.015939932,0.014503861,463.6130676,667.1104682,408.1745238,718.3006808,0.767841957,0.666056108,0.795663343,0.640430759,12.83510171,13.02053167,12.76670403,13.05126149
DaunHerbal/1-49.jpg,22391.5,3.166666667,0,0,4.166666667,5.5,0,0,0,0,0,0,0,0,0,0,5017.333333,0.333333333,0,0,6623.833333,1872.833333,0,0,0,0,0,0,0,0,0,0,35.33333333,0,0,0,3186,715.5,0,0,21.5,92,2,0,0,0,0,0,0,0,0,0,0,0,0,0,1.666666667,27.33333333,0,0,0,0,0,0,29085.33333,1578.333333,597.3333333,363.1666667,203.8333333,144.1666667,126.3333333,108.8333333,111,444.3333333,116.8333333,124.8333333,171.8333333,212,334.3333333,636.3333333,1651.666667,3989.5,0.015416963,0.014474241,0.015818471,0.014380429,486.9336686,695.2933251,425.6822723,747.6111857,0.761172291,0.65912614,0.791268386,0.633479629,12.87376403,13.0563579,12.80200739,13.08348006
DaunHerbal/1-5.jpg,21510.33333,0,0,0,7.666666667,8.5,0,0,0,0,0,0,0,0,0,0,4830.833333,0.333333333,0,0,6512,1844.666667,0,0,0,0,0,0,0,0,0,0,55.5,0,0,0,4241.833333,820,0,0,33.16666667,92.16666667,1,0,0,0,0,0,0,0,0,0,0,0,0,0,2.666666667,39.33333333,0,0,0,0,0,0,29091.66667,1608.833333,618.6666667,342.1666667,210.8333333,162.8333333,147.8333333,114.6666667,116.1666667,455.6666667,107.3333333,146.3333333,161.3333333,244.5,357.1666667,668.3333333,1714.833333,3730.833333,0.014893575,0.013963273,0.015293007,0.013858936,495.7043823,689.0666775,417.2421011,749.2222083,0.760949933,0.667740051,0.798832737,0.638734253,12.91587411,13.08914886,12.82926365,13.12186423
DaunHerbal/1-50.jpg,22452.5,0.333333333,0,0,2.666666667,5.5,0,0,0,0,0,0,0,0,0,0,4866.666667,0,0,0,6520.666667,1925.833333,0,0,0,0,0,0,0,0,0,0,33,0,0,0,3260.166667,749.1666667,0,0,33.83333333,98.5,2.333333333,0,0,0,0,0,0,0,0,0,0,0,0,0,3.5,45.33333333,0,0,0,0,0,0,28901,1606.333333,565.3333333,318,211.5,152,118.3333333,108.8333333,102.8333333,435.5,108.6666667,123.1666667,155.5,205,309,635,1707.833333,4236.166667,0.01509339,0.014232906,0.015506279,0.014114467,500.9682179,707.2707855,430.1446115,770.4434458,0.760189875,0.661592544,0.794234333,0.631368824,12.91661293,13.08802639,12.83719417,13.12476929
DaunHerbal/1-6.jpg,21571.16667,1,0,0,3.333333333,12.16666667,0,0,0,0,0,0,0,0,0,0,4681.333333,1,0,0,6372.666667,1886.666667,0,0,0,0,0,0,0,0,0,0,52.16666667,0,0,0,4377.833333,859.1666667,0,0,38.16666667,98.5,0.666666667,0,0,0,0,0,0,0,0,0,0,0,0,0,3,41.16666667,0,0,0,0,0,0,29163.16667,1606.166667,648.6666667,357.1666667,224.5,190.5,139,122.1666667,121.8333333,464.3333333,130.8333333,158.6666667,177.8333333,229.3333333,361.1666667,672.8333333,1676.166667,3555.666667,0.015053281,0.014137536,0.015543259,0.014028926,507.147429,698.5387844,421.9303676,754.5159769,0.759212418,0.668395252,0.799643688,0.641822154,12.92057154,13.08854648,12.8258445,13.118441
DaunHerbal/1-7.jpg,21704.5,1,0,0,3.333333333,9.166666667,0,0,0,0,0,0,0,0,0,0,4621.5,0.333333333,0,0,6386.5,1940.666667,0,0,0,0,0,0,0,0,0,0,45.16666667,0,0,0,4208.666667,867.1666667,0,0,46.16666667,112.5,1.666666667,0,0,0,0,0,0,0,0,0,0.833333333,0,0,0,6.5,44.33333333,0,0,0,0,0,0,29271.83333,1664.666667,632.5,331.1666667,236,176.3333333,144,117.3333333,113.5,458.1666667,120.1666667,132,176.5,232.8333333,338.1666667,664.5,1637,3553.333333,0.014822831,0.013922766,0.0153404,0.01387217,521.3216945,718.6485831,426.8728655,760.9708244,0.7565643,0.664470307,0.80073812,0.644708995,12.95612719,13.12439157,12.85363194,13.1448884
DaunHerbal/1-8.jpg,21621.66667,0,0,0,2.5,8.166666667,0,0,0,0,0,0,0,0,0,0,4577.5,0.333333333,0,0,6377.5,2057.833333,0,0,0,0,0,0,0,0,0,0,42.5,0,0,0,4172.333333,916,0,0,45.83333333,110.1666667,2.333333333,0,0,0,0,0,0,0,0,0,0,0,0,0,10.16666667,55.16666667,0,0,0,0,0,0,29119,1653.166667,627.6666667,342,224.3333333,165.1666667,139.6666667,131.8333333,122,460.6666667,122.8333333,147,182.1666667,225.3333333,360.5,621.1666667,1669.5,3686,0.014619767,0.013744626,0.015120312,0.013703854,530.9007596,732.7418965,429.387264,772.2527521,0.754016337,0.660533588,0.800995132,0.642228431,12.97916172,13.14690967,12.87330191,13.16624812
DaunHerbal/1-9.jpg,21797.33333,0.333333333,0,0,2.166666667,10,0,0,0,0,0,0,0,0,0,0,4111,1,0,0,6327.833333,2069.833333,0,0,0,0,0,0,0,0,0,0,50.83333333,0,0,0,4453.666667,950,0,0,53.16666667,118.1666667,0.666666667,0,0,0,0,0,0,0,0,0,0,0,0,0,6.666666667,47.33333333,0,0,0,0,0,0,29053.16667,1536,618.5,339.1666667,233.5,167.3333333,148.1666667,131.3333333,114.3333333,475.5,133.6666667,152.8333333,173.8333333,234.5,333.5,611.3333333,1615,3928.333333,0.016686481,0.015653171,0.017278164,0.015554125,504.655505,701.9968912,409.3640602,748.3907724,0.766554468,0.675310112,0.810640526,0.653851879,12.81330894,12.98516402,12.70648191,13.01053587
DaunHerbal/2-1.jpg,12036.333333333334,8.333333333333334,0.0,0.0,0.0,0.0,0.0,0.0,0.0,0.0,0.0,0.0,0.0,0.0,0.0,0.0,17064.833333333332,33.0,0.0,0.0,1843.0,716.8333333333334,0.0,0.0,0.0,0.0,0.0,0.0,0.0,0.0,0.0,0.0,8.5,0.0,0.0,0.0,2372.5,748.8333333333334,0.0,0.0,4.833333333333333,354.0,7.833333333333333,0.0,0.0,0.0,0.0,0.0,0.0,0.0,0.0,0.0,1.0,1.0,0.0,0.0,5.5,4025.8333333333335,451.0,0.0,0.0,124.5,191.33333333333334,1.0,28237.5,1133.0,516.8333333333334,305.5,225.83333333333334,169.16666666666666,149.83333333333334,146.5,137.33333333333334,484.5,161.83333333333334,175.33333333333334,200.16666666666666,273.0,381.1666666666667,630.8333333333334,1384.8333333333333,5286.833333333333,0.015908759227367376,0.014968752369901344,0.016869838658475373,0.014559435620007123,930.2043656093491,1220.1935598595837,722.4651670843771,1412.1906184492964,0.7976284301353491,0.7345540894693385,0.8428936334704418,0.6927867823137767,13.258667652919529,13.400536815659624,13.102811924762426,13.475636568059501
DaunHerbal/2-10.jpg,14854.333333333334,0.0,0.0,0.0,0.0,0.0,0.0,0.0,0.0,0.0,0.0,0.0,0.0,0.0,0.0,0.0,17418.833333333332,4.666666666666667,0.0,0.0,762.5,124.0,0.0,0.0,0.0,0.0,0.0,0.0,0.0,0.0,0.0,0.0,7.333333333333333,0.0,0.0,0.0,2414.5,606.8333333333334,0.0,0.0,22.833333333333332,387.1666666666667,0.3333333333333333,0.0,0.0,0.0,0.0,0.0,0.0,0.0,0.0,0.0,0.6666666666666666,1.6666666666666667,0.0,0.0,154.5,3150.1666666666665,84.33333333333333,0.0,0.0,4.0,1.3333333333333333,0.0,28913.833333333332,1349.0,551.0,328.5,225.5,175.0,157.16666666666666,135.66666666666666,120.5,469.3333333333333,140.16666666666666,150.0,182.0,243.33333333333334,361.3333333333333,579.8333333333334,1410.1666666666667,4507.666666666667,0.018554573775560863,0.01749806835183206,0.020088128840151313,0.017362848626208134,947.5824165275446,1262.6567378379173,610.1145071010866,1242.9891381207638,0.751029319435678,0.6682486042955186,0.8397854091580894,0.6734122634641514,13.013250459169834,13.145759494706867,12.775494117692405,13.15193761739637
DaunHerbal/2-11.jpg,15001.666666666666,0.0,0.0,0.0,0.0,0.0,0.0,0.0,0.0,0.0,0.0,0.0,0.0,0.0,0.0,0.0,17388.166666666668,2.3333333333333335,0.0,0.0,867.3333333333334,121.0,0.0,0.0,0.0,0.0,0.0,0.0,0.0,0.0,0.0,0.0,9.666666666666666,0.0,0.0,0.0,2350.0,687.5,0.0,0.0,46.833333333333336,416.8333333333333,1.3333333333333333,0.0,0.0,0.0,0.0,0.0,0.0,0.0,0.0,0.0,0.6666666666666666,1.3333333333333333,0.0,0.0,199.33333333333334,2835.1666666666665,70.16666666666667,0.0,0.0,0.0,0.6666666666666666,0.0,29016.833333333332,1379.6666666666667,569.0,349.3333333333333,237.16666666666666,186.66666666666666,153.83333333333334,138.66666666666666,115.16666666666667,477.6666666666667,145.83333333333334,158.16666666666666,193.33333333333334,254.0,356.6666666666667,586.6666666666666,1403.5,4277.833333333333,0.019052964776926036,0.017854193662643934,0.02037028052758143,0.01775885134218766,885.9878589315526,1190.384086259054,557.934899749374,1152.8378040259247,0.7540706251426399,0.669510940463221,0.8450878048187012,0.6799351535147434,12.933078091391243,13.077419878427953,12.70225572897164,13.076763501670792
DaunHerbal/2-12.jpg,12441.166666666666,3.1666666666666665,0.0,0.0,0.0,0.0,0.0,0.0,0.0,0.0,0.0,0.0,0.0,0.0,0.0,0.0,16957.333333333332,28.666666666666668,0.0,0.0,1831.6666666666667,757.8333333333334,0.0,0.0,0.0,0.0,0.0,0.0,0.0,0.0,0.0,0.0,6.833333333333333,0.0,0.0,0.0,2177.8333333333335,818.1666666666666,0.3333333333333333,0.0,5.5,387.5,8.333333333333334,0.0,0.0,0.0,0.0,0.0,0.0,0.0,0.0,0.0,0.6666666666666666,1.3333333333333333,0.0,0.0,2.8333333333333335,3709.1666666666665,523.1666666666666,0.0,0.0,117.0,220.5,1.0,28138.833333333332,1161.6666666666667,489.5,295.1666666666667,213.33333333333334,160.0,123.83333333333333,124.16666666666667,109.0,450.0,129.0,141.66666666666666,190.16666666666666,214.5,336.8333333333333,578.1666666666666,1377.0,5767.166666666667,0.014688900125272339,0.013826350571468882,0.015568204003891011,0.013488100438846145,980.7746327212014,1287.0078242350462,762.9639849624076,1471.8296492483303,0.788738000075818,0.7227152268481578,0.8356701307583053,0.6828937676489457,13.407487828370622,13.550070081989395,13.258179015476149,13.617438742205687
DaunHerbal/2-13.jpg,12519.666666666666,3.3333333333333335,0.0,0.0,0.0,0.0,0.0,0.0,0.0,0.0,0.0,0.0,0.0,0.0,0.0,0.0,17909.666666666668,17.666666666666668,0.0,0.0,1608.3333333333333,387.3333333333333,0.0,0.0,0.0,0.0,0.0,0.0,0.0,0.0,0.0,0.0,7.166666666666667,0.0,0.0,0.0,2203.0,646.3333333333334,0.0,0.0,5.0,284.5,4.333333333333333,0.0,0.0,0.0,0.0,0.0,0.0,0.0,0.0,0.0,0.6666666666666666,1.3333333333333333,0.0,0.0,9.166666666666666,3828.3333333333335,410.5,0.0,0.0,83.66666666666667,70.0,0.0,28234.5,1156.8333333333333,498.5,299.8333333333333,202.83333333333334,166.33333333333334,118.83333333333333,108.33333333333333,114.33333333333333,468.3333333333333,121.0,133.5,162.16666666666666,228.16666666666666,315.0,564.5,1388.1666666666667,5718.833333333333,0.015127458861096616,0.014267407999251087,0.0160729320162298,0.013925587797374794,1013.3664565943235,1326.3799607533026,752.0076942355903,1491.0032510324224,0.7734372901736098,0.7033764141523422,0.8318874064649197,0.6665586415443625,13.345892779711543,13.480153174058893,13.176131362949311,13.541607735213297
DaunHerbal/2-14.jpg,12667.333333333334,1.8333333333333333,0.0,0.0,0.0,0.0,0.0,0.0,0.0,0.0,0.0,0.0,0.0,0.0,0.0,0.0,18829.333333333332,12.0,0.0,0.0,1159.8333333333333,268.0,0.0,0.0,0.0,0.0,0.0,0.0,0.0,0.0,0.0,0.0,6.5,0.0,0.0,0.0,2126.3333333333335,551.8333333333334,0.0,0.0,5.166666666666667,231.66666666666666,0.0,0.0,0.0,0.0,0.0,0.0,0.0,0.0,0.0,0.0,0.3333333333333333,1.3333333333333333,0.0,0.0,6.666666666666667,3716.6666666666665,340.6666666666667,0.0,0.0,34.166666666666664,40.333333333333336,0.0,28378.0,1157.1666666666667,500.3333333333333,298.0,215.16666666666666,167.16666666666666,129.0,124.16666666666667,109.83333333333333,454.6666666666667,122.33333333333333,134.83333333333334,174.83333333333334,231.83333333333334,346.8333333333333,586.5,1368.8333333333333,5500.5,0.015876697754217826,0.014995080115127329,0.01696179157546857,0.014691787979170992,1027.9167153589303,1341.4940439579755,736.6679114452803,1473.6452985552362,0.7611026854263029,0.6881721662144562,0.8288137265889289,0.6574495276066651,13.250993374119705,13.3823511508043,13.064689410311772,13.430636369008932
DaunHerbal/2-15.jpg,12751.666666666666,1.3333333333333333,0.0,0.0,0.0,0.0,0.0,0.0,0.0,0.0,0.0,0.0,0.0,0.0,0.0,0.0,19209.0,11.666666666666666,0.0,0.0,912.1666666666666,245.66666666666666,0.0,0.0,0.0,0.0,0.0,0.0,0.0,0.0,0.0,0.0,7.166666666666667,0.0,0.0,0.0,2100.1666666666665,529.1666666666666,0.0,0.0,3.3333333333333335,217.5,0.6666666666666666,0.0,0.0,0.0,0.0,0.0,0.0,0.0,0.0,0.0,0.0,2.0,0.0,0.0,10.5,3665.5,289.1666666666667,0.0,0.0,22.333333333333332,21.0,0.0,28469.666666666668,1187.0,505.0,311.6666666666667,203.0,147.83333333333334,123.5,120.83333333333333,105.83333333333333,454.5,109.83333333333333,144.0,171.66666666666666,214.16666666666666,332.8333333333333,587.6666666666666,1390.8333333333333,5420.166666666667,0.016142268041474374,0.015298485101981696,0.017396171938926994,0.01498685291754831,1061.820617696161,1379.2174426048423,727.9022514619888,1476.0925226254292,0.7499930153770249,0.6752130527205294,0.8286970387126487,0.6523984008861841,13.223079603248285,13.345706135781144,13.012531174360353,13.388062556687624
DaunHerbal/2-16.jpg,13192.5,0.6666666666666666,0.0,0.0,0.0,0.0,0.0,0.0,0.0,0.0,0.0,0.0,0.0,0.0,0.0,0.0,18480.5,10.333333333333334,0.0,0.0,820.5,244.83333333333334,0.0,0.0,0.0,0.0,0.0,0.0,0.0,0.0,0.0,0.0,7.666666666666667,0.0,0.0,0.0,2250.0,514.6666666666666,0.0,0.0,4.0,212.33333333333334,0.6666666666666666,0.0,0.0,0.0,0.0,0.0,0.0,0.0,0.0,0.0,0.6666666666666666,1.0,0.0,0.0,14.333333333333334,3979.5,233.83333333333334,0.0,0.0,16.166666666666668,15.833333333333334,0.0,28500.166666666668,1177.6666666666667,504.6666666666667,290.0,201.33333333333334,155.66666666666666,126.5,110.5,106.5,457.0,126.33333333333333,122.83333333333333,163.33333333333334,200.66666666666666,326.0,577.6666666666666,1422.5,5430.666666666667,0.016083165429526848,0.015242801256348843,0.017321654430270103,0.014958266112737944,1076.1204924874805,1410.0942548357539,741.4981913116122,1479.5149099794562,0.7495884928017404,0.6718373925017737,0.8274043869706339,0.6556799331431137,13.244486756797059,13.370320671199174,13.038866050011652,13.403919464161168
DaunHerbal/2-17.jpg,13300.166666666666,0.3333333333333333,0.0,0.0,0.0,0.0,0.0,0.0,0.0,0.0,0.0,0.0,0.0,0.0,0.0,0.0,18267.833333333332,13.666666666666666,0.0,0.0,773.5,239.33333333333334,0.0,0.0,0.0,0.0,0.0,0.0,0.0,0.0,0.0,0.0,11.166666666666666,0.0,0.0,0.0,2409.0,543.3333333333334,0.0,0.0,4.5,218.16666666666666,0.3333333333333333,0.0,0.0,0.0,0.0,0.0,0.0,0.0,0.0,0.0,0.3333333333333333,1.6666666666666667,0.0,0.0,19.833333333333332,3992.6666666666665,183.66666666666666,0.0,0.0,10.0,10.5,0.0,28615.833333333332,1194.1666666666667,516.3333333333334,307.8333333333333,206.5,149.66666666666666,123.0,114.66666666666667,104.5,457.1666666666667,118.33333333333333,132.33333333333334,163.33333333333334,206.66666666666666,330.3333333333333,571.5,1343.8333333333333,5344.0,0.016123492647131307,0.01523652678895016,0.01736433387591366,0.015019977105321854,1059.8334724540891,1414.3501951874664,727.6595739348377,1451.3196095413825,0.7504428903410791,0.6669560587524976,0.8286207675251102,0.6582540288010151,13.244459783369825,13.378424853487736,13.034267828486946,13.40334919838225
DaunHerbal/2-18.jpg,13522.0,0.6666666666666666,0.0,0.0,0.0,0.0,0.0,0.0,0.0,0.0,0.0,0.0,0.0,0.0,0.0,0.0,18008.666666666668,7.666666666666667,0.0,0.0,774.5,214.5,0.0,0.0,0.0,0.0,0.0,0.0,0.0,0.0,0.0,0.0,9.166666666666666,0.0,0.0,0.0,2453.5,566.8333333333334,0.0,0.0,9.666666666666666,239.0,0.6666666666666666,0.0,0.0,0.0,0.0,0.0,0.0,0.0,0.0,0.0,1.0,2.6666666666666665,0.0,0.0,46.5,3964.8333333333335,160.66666666666666,0.0,0.0,7.833333333333333,9.666666666666666,0.0,28642.166666666668,1248.3333333333333,510.6666666666667,282.8333333333333,203.83333333333334,161.33333333333334,125.33333333333333,106.83333333333333,102.5,446.6666666666667,109.83333333333333,136.5,160.0,197.5,338.3333333333333,523.6666666666666,1347.0,5356.666666666667,0.016140673052414234,0.015267648600018266,0.01752203260893484,0.015077912144323484,1065.276089315525,1427.5045167175047,717.9697911445278,1438.858845778888,0.7480878648303272,0.6624318359986104,0.830159402935829,0.659747735928021,13.256944368315985,13.391846613267829,13.032927407313602,13.4086758857659
DaunHerbal/2-19.jpg,14069.166666666666,0.0,0.0,0.0,0.0,0.0,0.0,0.0,0.0,0.0,0.0,0.0,0.0,0.0,0.0,0.0,17649.166666666668,7.666666666666667,0.0,0.0,745.8333333333334,199.33333333333334,0.0,0.0,0.0,0.0,0.0,0.0,0.0,0.0,0.0,0.0,7.166666666666667,0.0,0.0,0.0,2477.8333333333335,621.8333333333334,0.0,0.0,9.166666666666666,244.83333333333334,1.3333333333333333,0.0,0.0,0.0,0.0,0.0,0.0,0.0,0.0,0.0,0.3333333333333333,2.0,0.0,0.0,44.833333333333336,3773.1666666666665,127.33333333333333,0.0,0.0,12.666666666666666,6.333333333333333,0.0,28597.666666666668,1246.1666666666667,514.5,292.8333333333333,212.83333333333334,147.33333333333334,130.5,112.16666666666667,120.83333333333333,466.3333333333333,117.66666666666667,134.33333333333334,168.5,212.83333333333334,320.0,544.8333333333334,1376.1666666666667,5284.5,0.01689923489259254,0.015995743499509947,0.018358797539335125,0.015795463840458542,1036.0628881469122,1373.9676779595065,689.165634920636,1395.0121714971915,0.749503587166616,0.6677770232657849,0.8333535410092787,0.6626937633296873,13.1912577305917,13.321327400518845,12.959931231656178,13.34226046874384
DaunHerbal/2-2.jpg,12534.0,5.0,0.0,0.0,0.0,0.0,0.0,0.0,0.0,0.0,0.0,0.0,0.0,0.0,0.0,0.0,17756.833333333332,20.833333333333332,0.0,0.0,1597.6666666666667,394.6666666666667,0.0,0.0,0.0,0.0,0.0,0.0,0.0,0.0,0.0,0.0,8.0,0.0,0.0,0.0,2383.1666666666665,606.8333333333334,0.0,0.0,7.166666666666667,274.3333333333333,5.666666666666667,0.0,0.0,0.0,0.0,0.0,0.0,0.0,0.0,0.0,0.3333333333333333,1.6666666666666667,0.0,0.0,11.0,3848.8333333333335,378.6666666666667,0.0,0.0,99.5,65.83333333333333,0.0,28409.0,1175.3333333333333,497.5,302.6666666666667,194.33333333333334,179.66666666666666,149.16666666666666,126.0,111.16666666666667,462.3333333333333,135.83333333333334,159.33333333333334,175.16666666666666,228.16666666666666,356.1666666666667,580.0,1390.1666666666667,5368.0,0.015236038198509957,0.01442256899804848,0.016234812897931942,0.014088086762832372,1004.0693739565945,1303.9463642411547,748.6364202172108,1464.6187589173278,0.7736734880416715,0.7060717890851167,0.8313131921563905,0.6698576838028454,13.33726160879665,13.463900554513215,13.164106118679596,13.524191724965366
DaunHerbal/2-20.jpg,14583.833333333334,1.0,0.0,0.0,0.0,0.0,0.0,0.0,0.0,0.0,0.0,0.0,0.0,0.0,0.0,0.0,17373.0,10.333333333333334,0.0,0.0,757.3333333333334,141.33333333333334,0.0,0.0,0.0,0.0,0.0,0.0,0.0,0.0,0.0,0.0,10.333333333333334,0.0,0.0,0.0,2397.3333333333335,608.5,0.0,0.0,13.166666666666666,285.0,0.3333333333333333,0.0,0.0,0.0,0.0,0.0,0.0,0.0,0.0,0.0,0.6666666666666666,2.3333333333333335,0.0,0.0,60.833333333333336,3628.6666666666665,109.66666666666667,0.0,0.0,12.333333333333334,4.0,0.0,28763.333333333332,1244.0,515.8333333333334,302.6666666666667,218.83333333333334,156.33333333333334,129.33333333333334,125.0,108.5,473.8333333333333,138.5,153.0,187.66666666666666,226.16666666666666,342.6666666666667,578.5,1392.3333333333333,4943.5,0.01786281165408762,0.016880362437005754,0.01931784005259207,0.016679710477679677,1004.0865400667772,1328.3290488324317,662.9453049289896,1342.4376006794955,0.7529097192053619,0.6731648629133906,0.8368408561360394,0.6696965230916415,13.098867873607196,13.230482007696821,12.872039784642558,13.24836467988172
DaunHerbal/2-21.jpg,14666.666666666666,0.0,0.0,0.0,0.0,0.0,0.0,0.0,0.0,0.0,0.0,0.0,0.0,0.0,0.0,0.0,17276.333333333332,6.333333333333333,0.0,0.0,769.1666666666666,145.5,0.0,0.0,0.0,0.0,0.0,0.0,0.0,0.0,0.0,0.0,10.166666666666666,0.0,0.0,0.0,2472.5,650.1666666666666,0.0,0.0,19.333333333333332,363.5,0.3333333333333333,0.0,0.0,0.0,0.0,0.0,0.0,0.0,0.0,0.0,1.0,1.6666666666666667,0.0,0.0,90.66666666666667,3429.6666666666665,91.5,0.0,0.0,3.1666666666666665,2.3333333333333335,0.0,28649.5,1316.5,537.1666666666666,310.5,222.66666666666666,172.16666666666666,128.0,120.66666666666667,113.66666666666667,462.0,130.83333333333334,148.33333333333334,158.16666666666666,237.16666666666666,330.1666666666667,546.1666666666666,1400.6666666666667,5015.666666666667,0.01786131569368196,0.016892152171159705,0.019371528663557992,0.016730358325840293,972.0148038397327,1295.0226986497973,622.7549289891401,1290.504838891888,0.753038408495395,0.6710287817179191,0.8418756778005919,0.6721765169713753,13.077400871748898,13.2133064758844,12.839110373403607,13.225311466889828
DaunHerbal/2-22.jpg,14721.0,0.3333333333333333,0.0,0.0,0.0,0.0,0.0,0.0,0.0,0.0,0.0,0.0,0.0,0.0,0.0,0.0,17295.833333333332,2.0,0.0,0.0,861.8333333333334,145.0,0.0,0.0,0.0,0.0,0.0,0.0,0.0,0.0,0.0,0.0,7.666666666666667,0.0,0.0,0.0,2438.1666666666665,689.3333333333334,0.0,0.0,33.833333333333336,396.0,1.0,0.0,0.0,0.0,0.0,0.0,0.0,0.0,0.0,0.0,0.6666666666666666,1.6666666666666667,0.0,0.0,164.0,3158.6666666666665,82.33333333333333,0.0,0.0,0.0,0.6666666666666666,0.0,28750.5,1351.5,546.8333333333334,300.8333333333333,227.16666666666666,164.0,141.83333333333334,143.5,129.33333333333334,464.6666666666667,127.83333333333333,142.16666666666666,186.0,258.8333333333333,326.8333333333333,567.8333333333334,1447.0,4723.333333333333,0.01829637460530193,0.017256489498756973,0.019820105671427803,0.017089106441444308,917.4908430717858,1230.7368964983427,576.6459231411865,1208.5867967079644,0.7552511902378108,0.6717216264693888,0.8461607839055866,0.6776304376369462,13.016286118068404,13.158892375266246,12.772284721037163,13.165152010111488
DaunHerbal/2-23.jpg,12883.666666666666,2.1666666666666665,0.0,0.0,0.0,0.0,0.0,0.0,0.0,0.0,0.0,0.0,0.0,0.0,0.0,0.0,16950.166666666668,27.5,0.0,0.0,1782.8333333333333,858.3333333333334,0.0,0.0,0.0,0.0,0.0,0.0,0.0,0.0,0.0,0.0,9.5,0.0,0.0,0.0,2011.5,855.0,0.0,0.0,2.3333333333333335,341.0,15.5,0.0,0.0,0.0,0.0,0.0,0.0,0.0,0.0,0.0,0.3333333333333333,1.3333333333333333,0.0,0.0,0.6666666666666666,3489.3333333333335,518.3333333333334,0.0,0.0,49.5,200.0,1.0,28210.666666666668,1148.6666666666667,512.5,302.5,199.66666666666666,157.0,126.66666666666667,108.33333333333333,105.5,454.6666666666667,125.16666666666667,142.5,160.16666666666666,227.5,300.1666666666667,559.1666666666666,1371.3333333333333,5787.833333333333,0.014445867442543602,0.01361757013654993,0.01534844177340461,0.013305779036285856,972.1662979966617,1291.2995510479032,773.3114954051803,1472.4689980376656,0.7848498874959083,0.7142067631015018,0.8289418296858433,0.6741084312909962,13.411265973541553,13.554994620669886,13.267929766078385,13.619301361289132
DaunHerbal/2-24.jpg,12848.333333333334,3.0,0.0,0.0,0.0,0.0,0.0,0.0,0.0,0.0,0.0,0.0,0.0,0.0,0.0,0.0,17887.166666666668,16.166666666666668,0.0,0.0,1550.3333333333333,436.1666666666667,0.0,0.0,0.0,0.0,0.0,0.0,0.0,0.0,0.0,0.0,5.0,0.0,0.0,0.0,2087.6666666666665,678.0,0.0,0.0,7.5,266.1666666666667,5.5,0.0,0.0,0.0,0.0,0.0,0.0,0.0,0.0,0.0,0.6666666666666666,0.6666666666666666,0.0,0.0,8.0,3681.5,414.8333333333333,0.0,0.0,39.333333333333336,64.0,0.0,28159.333333333332,1143.6666666666667,510.5,283.5,199.66666666666666,151.66666666666666,137.16666666666666,102.83333333333333,98.5,438.5,118.33333333333333,127.16666666666667,167.16666666666666,220.33333333333334,335.3333333333333,558.0,1417.8333333333333,5830.5,0.015044027839199383,0.014163579229406505,0.015914853844883253,0.013830754885354372,1005.9113397328877,1327.7977498002099,762.5300584795327,1495.895954410232,0.7705510801448167,0.6970940642340796,0.8260598762805087,0.658744131648701,13.343655200709495,13.483775094082326,13.188471679103781,13.543915540446262
DaunHerbal/2-25.jpg,12991.5,1.3333333333333333,0.0,0.0,0.0,0.0,0.0,0.0,0.0,0.0,0.0,0.0,0.0,0.0,0.0,0.0,18689.333333333332,12.166666666666666,0.0,0.0,1114.0,319.6666666666667,0.0,0.0,0.0,0.0,0.0,0.0,0.0,0.0,0.0,0.0,5.166666666666667,0.0,0.0,0.0,2047.6666666666667,549.0,0.0,0.0,2.3333333333333335,218.83333333333334,1.6666666666666667,0.0,0.0,0.0,0.0,0.0,0.0,0.0,0.0,0.0,0.3333333333333333,0.6666666666666666,0.0,0.0,6.666666666666667,3635.3333333333335,339.1666666666667,0.0,0.0,27.5,37.666666666666664,0.0,28258.5,1150.3333333333333,498.0,296.5,207.83333333333334,149.5,127.16666666666667,113.0,109.66666666666667,455.0,124.66666666666667,138.83333333333334,162.16666666666666,238.66666666666666,324.3333333333333,584.3333333333334,1393.5,5668.0,0.015761081473342445,0.0148899013312149,0.01680055018893869,0.014557337246704353,1026.3876878130213,1343.5755791816782,747.742811194654,1487.1501583675388,0.7612639391887381,0.6874477094234065,0.8260547250203887,0.6540484766101375,13.254465912750389,13.388394607377904,13.078246458723228,13.440465400558663
DaunHerbal/2-26.jpg,12907.833333333334,0.3333333333333333,0.0,0.0,0.0,0.0,0.0,0.0,0.0,0.0,0.0,0.0,0.0,0.0,0.0,0.0,19168.5,9.5,0.0,0.0,866.1666666666666,281.0,0.0,0.0,0.0,0.0,0.0,0.0,0.0,0.0,0.0,0.0,5.833333333333333,0.0,0.0,0.0,2014.5,527.8333333333334,0.0,0.0,4.333333333333333,196.66666666666666,1.3333333333333333,0.0,0.0,0.0,0.0,0.0,0.0,0.0,0.0,0.0,0.6666666666666666,2.0,0.0,0.0,7.333333333333333,3672.1666666666665,294.3333333333333,0.0,0.0,20.833333333333332,18.833333333333332,0.0,28353.5,1129.6666666666667,489.5,297.0,212.83333333333334,160.16666666666666,130.83333333333334,120.16666666666667,115.33333333333333,454.3333333333333,111.66666666666667,135.16666666666666,165.16666666666666,209.16666666666666,324.3333333333333,568.8333333333334,1384.3333333333333,5638.0,0.016035361509773034,0.015197601138487947,0.017278513101231754,0.01486394320793369,1063.1586435726206,1382.7734151739958,740.0096282372606,1492.7560219413303,0.7512059053054958,0.6763857303390982,0.8269455271289678,0.6506489270472605,13.229607630499963,13.355682976754377,13.029081927074515,13.399270831717944
DaunHerbal/2-27.jpg,13355.833333333334,1.0,0.0,0.0,0.0,0.0,0.0,0.0,0.0,0.0,0.0,0.0,0.0,0.0,0.0,0.0,18376.833333333332,8.5,0.0,0.0,778.1666666666666,258.0,0.0,0.0,0.0,0.0,0.0,0.0,0.0,0.0,0.0,0.0,8.166666666666666,0.0,0.0,0.0,2191.0,502.8333333333333,0.0,0.0,5.0,184.16666666666666,2.0,0.0,0.0,0.0,0.0,0.0,0.0,0.0,0.0,0.0,0.3333333333333333,2.0,0.0,0.0,22.0,4026.8333333333335,245.66666666666666,0.0,0.0,14.666666666666666,17.0,0.0,28447.333333333332,1199.3333333333333,465.3333333333333,292.8333333333333,194.83333333333334,156.0,118.33333333333333,110.66666666666667,102.83333333333333,443.1666666666667,108.66666666666667,128.16666666666666,144.83333333333334,210.83333333333334,321.5,546.1666666666666,1372.1666666666667,5637.0,0.015496022062399169,0.014741570378732988,0.016759659373549094,0.014457712690305156,1089.143042570952,1427.7614068560401,760.446883876358,1512.1937606955635,0.7505833922862931,0.6730461396927152,0.8258063955908825,0.6537115896497954,13.298743908719945,13.423076094072737,13.095552639120362,13.460141296209093
DaunHerbal/2-28.jpg,13283.166666666666,0.3333333333333333,0.0,0.0,0.0,0.0,0.0,0.0,0.0,0.0,0.0,0.0,0.0,0.0,0.0,0.0,18131.166666666668,10.166666666666666,0.0,0.0,741.6666666666666,258.1666666666667,0.0,0.0,0.0,0.0,0.0,0.0,0.0,0.0,0.0,0.0,9.833333333333334,0.0,0.0,0.0,2411.8333333333335,536.8333333333334,0.0,0.0,5.0,201.0,3.3333333333333335,0.0,0.0,0.0,0.0,0.0,0.0,0.0,0.0,0.0,0.6666666666666666,2.3333333333333335,0.0,0.0,30.833333333333332,4150.5,197.5,0.0,0.0,12.0,13.666666666666666,0.0,28470.666666666668,1226.1666666666667,495.3333333333333,285.8333333333333,207.16666666666666,156.0,114.16666666666667,104.33333333333333,107.33333333333333,448.1666666666667,119.83333333333333,135.33333333333334,164.0,217.83333333333334,320.1666666666667,564.0,1365.0,5498.666666666667,0.015616234989364283,0.014766941028098144,0.01680538395264881,0.014547311385338792,1075.4577212020035,1439.436550474685,749.1771804511285,1480.9962636139608,0.7527471013915175,0.6690963222991979,0.8277510913710525,0.6595475740713557,13.30081429793675,13.436087352975115,13.100388731182958,13.461450805678147
DaunHerbal/2-29.jpg,13600.833333333334,0.0,0.0,0.0,0.0,0.0,0.0,0.0,0.0,0.0,0.0,0.0,0.0,0.0,0.0,0.0,17746.833333333332,7.666666666666667,0.0,0.0,720.5,237.33333333333334,0.0,0.0,0.0,0.0,0.0,0.0,0.0,0.0,0.0,0.0,9.666666666666666,0.0,0.0,0.0,2499.5,588.1666666666666,0.0,0.0,7.5,216.16666666666666,2.3333333333333335,0.0,0.0,0.0,0.0,0.0,0.0,0.0,0.0,0.0,0.6666666666666666,1.3333333333333333,0.0,0.0,54.5,4121.0,168.33333333333334,0.0,0.0,10.833333333333334,6.833333333333333,0.0,28574.666666666668,1256.8333333333333,483.1666666666667,275.8333333333333,181.0,138.66666666666666,134.5,100.83333333333333,99.16666666666667,444.5,110.16666666666667,127.5,154.0,207.16666666666666,296.0,521.8333333333334,1399.3333333333333,5494.833333333333,0.015656519924509213,0.014822325575134831,0.016995789299536355,0.01463014175405186,1085.796323038396,1459.1549993514689,741.0462573099418,1475.07464822323,0.7497635842671231,0.6638075458488523,0.8292025008385179,0.6601404811019499,13.313657054899535,13.451251540732327,13.09811307317824,13.46919066066821
DaunHerbal/2-3.jpg,12755.5,2.0,0.0,0.0,0.0,0.0,0.0,0.0,0.0,0.0,0.0,0.0,0.0,0.0,0.0,0.0,18693.0,15.333333333333334,0.0,0.0,1158.8333333333333,271.8333333333333,0.0,0.0,0.0,0.0,0.0,0.0,0.0,0.0,0.0,0.0,11.333333333333334,0.0,0.0,0.0,2273.6666666666665,540.8333333333334,0.0,0.0,5.0,226.33333333333334,1.0,0.0,0.0,0.0,0.0,0.0,0.0,0.0,0.0,0.0,0.6666666666666666,1.6666666666666667,0.0,0.0,11.333333333333334,3676.5,285.0,0.0,0.0,28.333333333333332,41.833333333333336,0.0,28597.833333333332,1148.6666666666667,494.6666666666667,312.3333333333333,214.16666666666666,160.33333333333334,135.5,132.0,118.16666666666667,462.3333333333333,143.16666666666666,144.16666666666666,196.83333333333334,232.33333333333334,347.0,600.6666666666666,1386.5,5173.333333333333,0.015977894577355826,0.015045268084316655,0.016899485248541728,0.014772998994094393,1019.3259599332216,1326.0040543763416,740.1904177109446,1451.105543491452,0.7590092622629205,0.6865134527065154,0.8250796976049456,0.6569393203844199,13.240667226620797,13.372758072856893,13.069021365583625,13.418026122526031
DaunHerbal/2-30.jpg,14153.833333333334,0.0,0.0,0.0,0.0,0.0,0.0,0.0,0.0,0.0,0.0,0.0,0.0,0.0,0.0,0.0,17361.833333333332,6.333333333333333,0.0,0.0,710.6666666666666,224.66666666666666,0.0,0.0,0.0,0.0,0.0,0.0,0.0,0.0,0.0,0.0,6.5,0.0,0.0,0.0,2485.0,607.5,0.0,0.0,8.166666666666666,229.66666666666666,1.6666666666666667,0.0,0.0,0.0,0.0,0.0,0.0,0.0,0.0,0.0,0.6666666666666666,2.0,0.0,0.0,54.166666666666664,3989.8333333333335,139.16666666666666,0.0,0.0,13.666666666666666,4.666666666666667,0.0,28539.166666666668,1243.6666666666667,477.0,292.3333333333333,197.0,158.66666666666666,134.5,115.16666666666667,108.5,458.8333333333333,118.66666666666667,129.5,156.0,221.33333333333334,316.1666666666667,534.0,1375.6666666666667,5423.833333333333,0.016407816184664657,0.01552484724058213,0.0178336608566815,0.015334337361343868,1058.463681135224,1408.9443600654402,714.2214786967428,1431.7804151447076,0.7517172481354929,0.669600300468293,0.8325004024543347,0.6642462590048631,13.250051182975001,13.384144925720456,13.028775754689665,13.40172514058385
DaunHerbal/2-31.jpg,14602.5,0.0,0.0,0.0,0.0,0.0,0.0,0.0,0.0,0.0,0.0,0.0,0.0,0.0,0.0,0.0,17220.666666666668,5.0,0.0,0.0,689.5,152.0,0.0,0.0,0.0,0.0,0.0,0.0,0.0,0.0,0.0,0.0,12.666666666666666,0.0,0.0,0.0,2403.1666666666665,592.3333333333334,0.0,0.0,11.833333333333334,265.5,1.3333333333333333,0.0,0.0,0.0,0.0,0.0,0.0,0.0,0.0,0.0,1.0,2.3333333333333335,0.0,0.0,78.66666666666667,3831.3333333333335,110.83333333333333,0.0,0.0,13.666666666666666,5.666666666666667,0.0,28609.5,1248.5,520.5,300.0,207.33333333333334,164.5,144.5,125.0,114.66666666666667,461.1666666666667,126.83333333333333,144.83333333333334,177.5,227.16666666666666,315.5,563.5,1415.8333333333333,5133.166666666667,0.017003879800897365,0.01615686040801535,0.01853227504783254,0.015947415073501118,1030.9105801335556,1364.0038284358639,686.1914118629913,1386.785272864968,0.7545675406277503,0.6753712281956711,0.8366389617265062,0.6699497572417695,13.181857452067636,13.310570098141486,12.953987853707929,13.330721206007114
DaunHerbal/2-32.jpg,14625.833333333334,1.3333333333333333,0.0,0.0,0.0,0.0,0.0,0.0,0.0,0.0,0.0,0.0,0.0,0.0,0.0,0.0,17160.333333333332,4.5,0.0,0.0,739.5,149.33333333333334,0.0,0.0,0.0,0.0,0.0,0.0,0.0,0.0,0.0,0.0,5.166666666666667,0.0,0.0,0.0,2486.8333333333335,624.8333333333334,0.0,0.0,18.166666666666668,344.0,1.3333333333333333,0.0,0.0,0.0,0.0,0.0,0.0,0.0,0.0,0.0,0.6666666666666666,0.6666666666666666,0.0,0.0,103.66666666666667,3624.1666666666665,99.83333333333333,0.0,0.0,6.166666666666667,3.6666666666666665,0.0,28561.166666666668,1299.1666666666667,532.6666666666666,308.1666666666667,203.5,152.33333333333334,141.83333333333334,118.5,93.66666666666667,447.8333333333333,135.33333333333334,121.33333333333333,175.0,225.16666666666666,331.0,562.0,1420.0,5171.333333333333,0.01738214398107095,0.01643949497691856,0.018786009972728817,0.016234700538486035,989.7999666110185,1318.5512068987173,641.9977694235592,1320.4344124083163,0.7554859196382703,0.6743693608749792,0.8415242580136582,0.6739046736930396,13.132652261155082,13.270454801895506,12.903443996685592,13.284739368368976
DaunHerbal/2-33.jpg,14733.666666666666,0.0,0.0,0.0,0.0,0.0,0.0,0.0,0.0,0.0,0.0,0.0,0.0,0.0,0.0,0.0,17075.5,1.8333333333333333,0.0,0.0,866.6666666666666,153.33333333333334,0.0,0.0,0.0,0.0,0.0,0.0,0.0,0.0,0.0,0.0,5.833333333333333,0.0,0.0,0.0,2469.3333333333335,696.8333333333334,0.0,0.0,33.166666666666664,359.5,0.3333333333333333,0.0,0.0,0.0,0.0,0.0,0.0,0.0,0.0,0.0,0.3333333333333333,1.0,0.0,0.0,172.33333333333334,3341.1666666666665,89.16666666666667,0.0,0.0,0.0,0.0,0.0,28734.0,1305.8333333333333,517.5,316.3333333333333,202.0,162.83333333333334,137.0,123.33333333333333,115.16666666666667,456.3333333333333,131.83333333333334,133.5,167.83333333333334,247.66666666666666,331.8333333333333,550.6666666666666,1422.3333333333333,4944.0,0.01760370630010472,0.01662953475962864,0.019079814207538067,0.016471504765432323,940.0903505843069,1260.2698649796448,597.4099624060154,1245.0872088401318,0.7559675623041302,0.6729686373503407,0.8449297201260658,0.6769088187336857,13.084673164741739,13.225756981878112,12.847391061695507,13.235408011657674
DaunHerbal/2-34.jpg,13099.833333333334,2.8333333333333335,0.0,0.0,0.0,0.0,0.0,0.0,0.0,0.0,0.0,0.0,0.0,0.0,0.0,0.0,16755.833333333332,34.0,0.0,0.0,1749.0,909.6666666666666,0.0,0.0,0.0,0.0,0.0,0.0,0.0,0.0,0.0,0.0,14.166666666666666,0.0,0.0,0.0,1981.8333333333333,849.1666666666666,0.3333333333333333,0.0,2.6666666666666665,321.8333333333333,12.5,0.0,0.0,0.0,0.0,0.0,0.0,0.0,0.0,0.0,0.3333333333333333,1.6666666666666667,0.0,0.0,1.3333333333333333,3502.0,515.3333333333334,0.0,0.0,45.5,199.83333333333334,0.3333333333333333,28121.333333333332,1178.6666666666667,487.5,299.1666666666667,195.66666666666666,141.5,127.0,106.16666666666667,110.16666666666667,443.5,120.5,129.0,173.5,225.0,328.3333333333333,557.1666666666666,1376.3333333333333,5879.5,0.014362970581575067,0.013445520978499513,0.01499391689052809,0.01314019282173262,989.4191235392319,1313.9540587696288,793.5659189640772,1497.6567922309941,0.7819711901455815,0.7104950231033403,0.825280288926137,0.670016597043883,13.428239702934453,13.578749970527332,13.30630789998776,13.641898157296094
DaunHerbal/2-35.jpg,13055.5,5.666666666666667,0.0,0.0,0.0,0.0,0.0,0.0,0.0,0.0,0.0,0.0,0.0,0.0,0.0,0.0,17634.333333333332,17.166666666666668,0.0,0.0,1516.0,457.1666666666667,0.0,0.0,0.0,0.0,0.0,0.0,0.0,0.0,0.0,0.0,8.833333333333334,0.0,0.0,0.0,2099.0,692.8333333333334,0.0,0.0,5.5,257.8333333333333,6.5,0.0,0.0,0.0,0.0,0.0,0.0,0.0,0.0,0.0,0.3333333333333333,0.3333333333333333,0.0,0.0,8.833333333333334,3697.0,442.0,0.0,0.0,37.833333333333336,57.333333333333336,0.0,28067.666666666668,1179.8333333333333,467.0,287.5,199.83333333333334,152.5,121.16666666666667,118.66666666666667,108.16666666666667,453.0,110.33333333333333,119.66666666666667,174.0,215.16666666666666,312.8333333333333,570.1666666666666,1366.8333333333333,5975.666666666667,0.014639996448629938,0.013778040179453133,0.015432169004920383,0.013443742279930173,1037.2354799666111,1365.1783297977843,786.5055806182124,1539.5318764356625,0.7664110745848881,0.6925946893654817,0.8229079469816898,0.653334324632004,13.392308673451772,13.53465984613078,13.241020277149834,13.593828697480175
DaunHerbal/2-36.jpg,13134.5,4.333333333333333,0.0,0.0,0.0,0.0,0.0,0.0,0.0,0.0,0.0,0.0,0.0,0.0,0.0,0.0,18420.666666666668,24.5,0.0,0.0,1097.6666666666667,319.0,0.0,0.0,0.0,0.0,0.0,0.0,0.0,0.0,0.0,0.0,7.0,0.0,0.0,0.0,2037.1666666666667,556.0,0.0,0.0,3.6666666666666665,214.83333333333334,3.6666666666666665,0.0,0.0,0.0,0.0,0.0,0.0,0.0,0.0,0.0,0.0,1.3333333333333333,0.0,0.0,7.0,3736.8333333333335,365.6666666666667,0.0,0.0,22.166666666666668,44.0,0.0,28165.333333333332,1180.0,497.8333333333333,286.3333333333333,200.0,164.83333333333334,116.16666666666667,113.0,98.5,451.8333333333333,106.33333333333333,140.66666666666666,157.66666666666666,217.5,304.0,584.5,1373.8333333333333,5841.666666666667,0.015245831855824126,0.014431650444112971,0.01617816973209226,0.014095948053661461,1055.91072621035,1377.7615867716047,774.1792230576447,1538.527064740316,0.7590287355604964,0.6856304294405916,0.8233365438090288,0.6489490826934367,13.314622195055913,13.44623222017462,13.144656690221124,13.50225686740714
DaunHerbal/2-37.jpg,13058.5,0.3333333333333333,0.0,0.0,0.0,0.0,0.0,0.0,0.0,0.0,0.0,0.0,0.0,0.0,0.0,0.0,18942.0,12.666666666666666,0.0,0.0,839.0,291.5,0.0,0.0,0.0,0.0,0.0,0.0,0.0,0.0,0.0,0.0,10.5,0.0,0.0,0.0,2021.0,525.6666666666666,0.3333333333333333,0.0,4.166666666666667,189.83333333333334,0.6666666666666666,0.0,0.0,0.0,0.0,0.0,0.0,0.0,0.0,0.0,0.0,2.0,0.0,0.0,7.0,3734.8333333333335,316.0,0.0,0.0,18.5,25.5,0.0,28122.166666666668,1189.3333333333333,495.3333333333333,303.1666666666667,186.5,156.5,137.83333333333334,105.0,109.5,455.0,122.0,127.33333333333333,141.5,233.16666666666666,338.3333333333333,560.3333333333334,1405.1666666666667,5811.833333333333,0.015764882898376315,0.014931600279260486,0.016867215504436265,0.014579391727082143,1082.6820826377298,1398.2292375345737,760.7237677527158,1537.9247869255794,0.7513376382117525,0.6788862240843189,0.8254141469777097,0.6468026979726107,13.26902114687101,13.394033133910748,13.078445834280974,13.446994383417215
DaunHerbal/2-38.jpg,13330.5,0.3333333333333333,0.0,0.0,0.0,0.0,0.0,0.0,0.0,0.0,0.0,0.0,0.0,0.0,0.0,0.0,18228.833333333332,14.333333333333334,0.0,0.0,772.6666666666666,247.33333333333334,0.0,0.0,0.0,0.0,0.0,0.0,0.0,0.0,0.0,0.0,9.833333333333334,0.0,0.0,0.0,2246.5,517.8333333333334,0.3333333333333333,0.0,4.0,178.0,1.6666666666666667,0.0,0.0,0.0,0.0,0.0,0.0,0.0,0.0,0.0,0.6666666666666666,1.0,0.0,0.0,25.833333333333332,4115.5,270.1666666666667,0.0,0.0,15.0,19.666666666666668,0.0,28212.0,1193.6666666666667,503.5,284.3333333333333,200.66666666666666,145.33333333333334,131.5,110.66666666666667,95.33333333333333,439.1666666666667,113.5,119.33333333333333,150.0,215.83333333333334,290.3333333333333,546.8333333333334,1366.3333333333333,5881.666666666667,0.015460790840420222,0.014645926076302173,0.016543760320397848,0.01434360194044618,1110.277420701168,1438.4769436111146,781.5455054302427,1557.6062108526755,0.7510457016207662,0.6774908472208472,0.8247184823112071,0.6507817161401198,13.320174067529193,13.444215611387452,13.129769796488688,13.490738950958358
DaunHerbal/2-39.jpg,13413.0,0.0,0.0,0.0,0.0,0.0,0.0,0.0,0.0,0.0,0.0,0.0,0.0,0.0,0.0,0.0,17925.333333333332,11.333333333333334,0.0,0.0,712.1666666666666,246.33333333333334,0.0,0.0,0.0,0.0,0.0,0.0,0.0,0.0,0.0,0.0,12.833333333333334,0.0,0.0,0.0,2409.6666666666665,551.0,0.0,0.0,6.666666666666667,191.5,2.3333333333333335,0.0,0.0,0.0,0.0,0.0,0.0,0.0,0.0,0.0,0.3333333333333333,2.0,0.0,0.0,36.333333333333336,4232.166666666667,218.83333333333334,0.0,0.0,12.666666666666666,15.5,0.0,28335.666666666668,1225.3333333333333,490.1666666666667,267.8333333333333,204.66666666666666,149.33333333333334,114.33333333333333,103.33333333333333,86.33333333333333,440.6666666666667,111.33333333333333,128.16666666666666,151.5,200.66666666666666,302.8333333333333,543.0,1365.3333333333333,5779.5,0.015276038377222445,0.014488216473457462,0.016461608321597404,0.014218304846224045,1106.0341110183645,1460.7843942075567,770.1978780284046,1534.7711474010573,0.7518363672022289,0.672258779654795,0.8271508243586396,0.6556575447685754,13.341281869255697,13.472350827861474,13.139583004309277,13.507589483368344
DaunHerbal/2-4.jpg,12871.333333333334,1.8333333333333333,0.0,0.0,0.0,0.0,0.0,0.0,0.0,0.0,0.0,0.0,0.0,0.0,0.0,0.0,19171.666666666668,16.833333333333332,0.0,0.0,908.1666666666666,256.3333333333333,0.0,0.0,0.0,0.0,0.0,0.0,0.0,0.0,0.0,0.0,6.0,0.0,0.0,0.0,2166.5,506.1666666666667,0.0,0.0,5.166666666666667,204.66666666666666,1.1666666666666667,0.0,0.0,0.0,0.0,0.0,0.0,0.0,0.0,0.0,0.6666666666666666,1.3333333333333333,0.0,0.0,14.0,3591.1666666666665,238.66666666666666,0.0,0.0,19.166666666666668,19.166666666666668,0.0,28706.0,1176.1666666666667,533.0,297.3333333333333,219.5,178.5,144.16666666666666,132.66666666666666,125.16666666666667,469.3333333333333,133.66666666666666,155.0,188.33333333333334,256.3333333333333,319.0,604.5,1406.5,4954.833333333333,0.01653992618220269,0.015667465373069053,0.017808832627341484,0.01541721686490267,1038.9726419031722,1347.598938916574,721.1859607351715,1430.8265697633071,0.7484931581735185,0.6738148998206044,0.8255250855774493,0.6536671083949563,13.180476506027164,13.300977776525174,12.973883242403039,13.335147637270323
DaunHerbal/2-40.jpg,13701.333333333334,0.0,0.0,0.0,0.0,0.0,0.0,0.0,0.0,0.0,0.0,0.0,0.0,0.0,0.0,0.0,17562.5,10.666666666666666,0.0,0.0,701.0,240.66666666666666,0.0,0.0,0.0,0.0,0.0,0.0,0.0,0.0,0.0,0.0,9.833333333333334,0.0,0.0,0.0,2468.8333333333335,569.8333333333334,0.0,0.0,4.666666666666667,198.0,1.6666666666666667,0.0,0.0,0.0,0.0,0.0,0.0,0.0,0.0,0.0,0.3333333333333333,2.8333333333333335,0.0,0.0,53.5,4270.333333333333,179.66666666666666,0.0,0.0,11.833333333333334,12.5,0.0,28367.833333333332,1253.6666666666667,494.5,263.1666666666667,177.66666666666666,136.16666666666666,116.16666666666667,101.33333333333333,100.33333333333333,444.6666666666667,107.66666666666667,123.66666666666667,157.0,197.83333333333334,290.0,518.1666666666666,1401.6666666666667,5748.5,0.015372174826879283,0.014589321145680921,0.016606357972523095,0.014359575661055115,1112.110121035059,1479.7112857268405,762.8310818713456,1523.926372693002,0.7494080404006102,0.6666261321486716,0.8280858903277154,0.6566689002575186,13.349900285726237,13.482195660850962,13.140422422539801,13.509150314887014
DaunHerbal/2-41.jpg,14205.833333333334,0.3333333333333333,0.0,0.0,0.0,0.0,0.0,0.0,0.0,0.0,0.0,0.0,0.0,0.0,0.0,0.0,17246.833333333332,5.666666666666667,0.0,0.0,652.3333333333334,232.33333333333334,0.0,0.0,0.0,0.0,0.0,0.0,0.0,0.0,0.0,0.0,7.5,0.0,0.0,0.0,2478.1666666666665,615.5,0.0,0.0,8.0,218.16666666666666,1.0,0.0,0.0,0.0,0.0,0.0,0.0,0.0,0.0,0.0,0.0,1.3333333333333333,0.0,0.0,52.833333333333336,4102.666666666667,153.66666666666666,0.0,0.0,11.166666666666666,6.666666666666667,0.0,28375.666666666668,1230.5,477.0,285.8333333333333,182.83333333333334,145.16666666666666,119.66666666666667,113.33333333333333,111.66666666666667,449.3333333333333,116.16666666666667,138.66666666666666,148.0,198.33333333333334,304.5,538.0,1396.0,5669.333333333333,0.016218665609230975,0.015353577049355272,0.01751126183458776,0.015129548347758103,1087.396652754591,1431.517587792518,735.4443650793656,1484.7923523332536,0.7510702488674387,0.6723697325867612,0.8316585044189999,0.6601777496484926,13.28313821359354,13.413232606170812,13.06847871780471,13.443247793230757
DaunHerbal/2-42.jpg,14464.166666666666,0.3333333333333333,0.0,0.0,0.0,0.0,0.0,0.0,0.0,0.0,0.0,0.0,0.0,0.0,0.0,0.0,17229.833333333332,4.666666666666667,0.0,0.0,671.3333333333334,147.0,0.0,0.0,0.0,0.0,0.0,0.0,0.0,0.0,0.0,0.0,11.833333333333334,0.0,0.0,0.0,2392.8333333333335,596.3333333333334,0.0,0.0,7.833333333333333,247.5,1.1666666666666667,0.0,0.0,0.0,0.0,0.0,0.0,0.0,0.0,0.0,0.3333333333333333,1.6666666666666667,0.0,0.0,70.0,4007.1666666666665,127.5,0.0,0.0,12.833333333333334,5.666666666666667,0.0,28444.166666666668,1257.5,512.1666666666666,297.6666666666667,200.16666666666666,150.5,135.83333333333334,125.16666666666667,116.83333333333333,457.8333333333333,123.5,149.83333333333334,162.66666666666666,228.0,332.0,564.1666666666666,1412.1666666666667,5329.833333333333,0.01714519330327782,0.016194364673719486,0.018439518324121093,0.015955747145743025,1057.5428797996644,1378.7370889661556,704.2016457811199,1433.8862598901278,0.7543744443935931,0.679829317545326,0.8364117730128561,0.667022538941382,13.191250621228605,13.319361633422535,12.974135208088676,13.348176595980306
DaunHerbal/2-43.jpg,14571.5,0.0,0.0,0.0,0.0,0.0,0.0,0.0,0.0,0.0,0.0,0.0,0.0,0.0,0.0,0.0,17205.833333333332,1.3333333333333333,0.0,0.0,692.6666666666666,138.66666666666666,0.0,0.0,0.0,0.0,0.0,0.0,0.0,0.0,0.0,0.0,5.833333333333333,0.0,0.0,0.0,2456.5,611.5,0.0,0.0,12.333333333333334,332.5,1.3333333333333333,0.0,0.0,0.0,0.0,0.0,0.0,0.0,0.0,0.0,1.0,2.0,0.0,0.0,101.16666666666667,3733.1666666666665,126.0,0.0,0.0,4.0,2.6666666666666665,0.0,28426.0,1308.3333333333333,519.5,300.6666666666667,222.0,155.5,133.66666666666666,117.83333333333333,103.16666666666667,451.8333333333333,130.0,136.16666666666666,176.16666666666666,224.33333333333334,309.6666666666667,568.8333333333334,1399.5,5316.833333333333,0.017211703264250384,0.016283615897284665,0.018558374039378236,0.016058234944466506,1015.5184724540898,1339.8520550123224,659.8477151211371,1362.992334760107,0.755006708570985,0.6767854491974175,0.8409071199034688,0.6712033982238387,13.155386327686207,13.28757383053305,12.926512056003942,13.311681025632653
DaunHerbal/2-44.jpg,14658.0,0.3333333333333333,0.0,0.0,0.0,0.0,0.0,0.0,0.0,0.0,0.0,0.0,0.0,0.0,0.0,0.0,17188.833333333332,3.5,0.0,0.0,799.8333333333334,141.33333333333334,0.0,0.0,0.0,0.0,0.0,0.0,0.0,0.0,0.0,0.0,7.833333333333333,0.0,0.0,0.0,2418.8333333333335,674.0,0.0,0.0,28.0,350.3333333333333,2.0,0.0,0.0,0.0,0.0,0.0,0.0,0.0,0.0,0.0,0.0,2.0,0.0,0.0,165.66666666666666,3459.0,99.5,0.0,0.0,0.0,1.0,0.0,28648.833333333332,1350.5,521.1666666666666,300.8333333333333,203.33333333333334,180.33333333333334,124.66666666666667,125.66666666666667,124.33333333333333,455.8333333333333,118.16666666666667,143.66666666666666,165.83333333333334,218.83333333333334,310.6666666666667,566.8333333333334,1409.3333333333333,5031.166666666667,0.017698494979385318,0.016710511105125236,0.01908288755103568,0.016517074700747633,949.2843405676124,1272.64311864804,609.8469507101092,1263.1279283350298,0.7575773519032714,0.675022466392881,0.8442205671855872,0.6774485993782889,13.082714681973037,13.223750565229192,12.853046035302038,13.236600885646212
DaunHerbal/2-45.jpg,12664.166666666666,2.3333333333333335,0.0,0.0,0.0,0.0,0.0,0.0,0.0,0.0,0.0,0.0,0.0,0.0,0.0,0.0,16949.333333333332,32.5,0.0,0.0,1710.3333333333333,873.0,0.0,0.0,0.0,0.0,0.0,0.0,0.0,0.0,0.0,0.0,8.0,0.0,0.0,0.0,2006.0,854.8333333333334,0.0,0.0,0.8333333333333334,309.5,11.833333333333334,0.0,0.0,0.0,0.0,0.0,0.0,0.0,0.0,0.0,0.0,1.3333333333333333,0.0,0.0,0.3333333333333333,3751.6666666666665,600.0,0.0,0.0,34.666666666666664,188.0,1.3333333333333333,27956.0,1204.0,466.5,266.3333333333333,208.83333333333334,153.5,135.66666666666666,114.66666666666667,111.16666666666667,460.8333333333333,118.33333333333333,138.0,166.5,222.5,324.1666666666667,557.1666666666666,1343.0,6052.833333333333,0.014781693082813891,0.01383262050399715,0.015422449215056547,0.013497632929197236,1005.9716318864771,1357.7532353421116,814.9023642439431,1530.642068443228,0.7805299798795476,0.7039326503893962,0.8224565879126057,0.6662349541710152,13.373555207532142,13.5312574723526,13.2540125135364,13.593519267805952
DaunHerbal/2-46.jpg,12983.333333333334,2.1666666666666665,0.0,0.0,0.0,0.0,0.0,0.0,0.0,0.0,0.0,0.0,0.0,0.0,0.0,0.0,17384.666666666668,20.166666666666668,0.0,0.0,1492.8333333333333,444.0,0.0,0.0,0.0,0.0,0.0,0.0,0.0,0.0,0.0,0.0,9.333333333333334,0.0,0.0,0.0,2160.8333333333335,711.8333333333334,0.0,0.0,5.166666666666667,241.33333333333334,5.333333333333333,0.0,0.0,0.0,0.0,0.0,0.0,0.0,0.0,0.0,0.0,1.6666666666666667,0.0,0.0,5.833333333333333,3974.5,457.0,0.0,0.0,38.666666666666664,61.333333333333336,0.0,28164.0,1164.3333333333333,474.3333333333333,255.83333333333334,175.66666666666666,141.5,119.66666666666667,100.5,99.83333333333333,439.6666666666667,114.33333333333333,119.33333333333333,139.5,211.0,290.5,538.6666666666666,1360.6666666666667,6090.666666666667,0.01405585910285656,0.013250541382923092,0.014804329988508638,0.012961734437614735,1104.2606510851415,1455.957058757077,851.0761319966595,1619.1459491801288,0.757879945098311,0.6808681280305412,0.8134713479047747,0.6450995554714116,13.478668594382423,13.61540794306695,13.332803831040307,13.670044641237666
DaunHerbal/2-47.jpg,13151.666666666666,1.3333333333333333,0.0,0.0,0.0,0.0,0.0,0.0,0.0,0.0,0.0,0.0,0.0,0.0,0.0,0.0,18079.0,18.0,0.0,0.0,1069.1666666666667,319.0,0.0,0.0,0.0,0.0,0.0,0.0,0.0,0.0,0.0,0.0,11.5,0.0,0.0,0.0,2090.0,619.0,0.3333333333333333,0.0,6.833333333333333,211.83333333333334,2.0,0.0,0.0,0.0,0.0,0.0,0.0,0.0,0.0,0.0,0.3333333333333333,2.3333333333333335,0.0,0.0,5.166666666666667,3943.1666666666665,395.0,0.0,0.0,26.833333333333332,47.5,0.0,28109.166666666668,1173.6666666666667,487.3333333333333,289.6666666666667,190.66666666666666,136.33333333333334,125.66666666666667,105.5,96.66666666666667,444.0,103.83333333333333,124.16666666666667,154.66666666666666,201.5,293.0,540.1666666666666,1395.6666666666667,6028.333333333333,0.014611738048156183,0.013753722066974717,0.015354794083117197,0.013478003991159592,1125.5561310517533,1466.5896502525093,843.1141478696749,1632.109706653947,0.7519880455264717,0.6769177025833455,0.8142297931085887,0.6404587116395907,13.411257633168443,13.546596846024316,13.259651967628422,13.597417085165239
DaunHerbal/2-48.jpg,13248.333333333334,0.3333333333333333,0.0,0.0,0.0,0.0,0.0,0.0,0.0,0.0,0.0,0.0,0.0,0.0,0.0,0.0,18453.0,13.666666666666666,0.0,0.0,833.5,277.8333333333333,0.0,0.0,0.0,0.0,0.0,0.0,0.0,0.0,0.0,0.0,9.166666666666666,0.0,0.0,0.0,2065.8333333333335,540.5,0.0,0.0,2.1666666666666665,193.66666666666666,2.8333333333333335,0.0,0.0,0.0,0.0,0.0,0.0,0.0,0.0,0.0,0.3333333333333333,1.0,0.0,0.0,5.0,3958.1666666666665,348.3333333333333,0.0,0.0,21.833333333333332,24.5,0.0,28202.0,1152.8333333333333,488.0,293.0,198.0,147.5,127.33333333333333,115.33333333333333,107.0,444.6666666666667,101.83333333333333,113.0,151.83333333333334,206.66666666666666,313.8333333333333,580.3333333333334,1384.3333333333333,5872.5,0.01523162448099454,0.014454610083781934,0.016340107878898703,0.014165777948701183,1137.1149123539215,1463.1590244392276,821.9983208020057,1615.9775565792622,0.748270776983987,0.6761506073375411,0.8181820012872139,0.6423258733515836,13.3480594792978,13.468904757837178,13.164111494263002,13.514659277981819
DaunHerbal/2-49.jpg,13116.0,0.0,0.0,0.0,0.0,0.0,0.0,0.0,0.0,0.0,0.0,0.0,0.0,0.0,0.0,0.0,18134.166666666668,9.166666666666666,0.0,0.0,728.1666666666666,243.66666666666666,0.0,0.0,0.0,0.0,0.0,0.0,0.0,0.0,0.0,0.0,10.5,0.0,0.0,0.0,2208.0,524.0,0.0,0.0,3.8333333333333335,178.16666666666666,1.0,0.0,0.0,0.0,0.0,0.0,0.0,0.0,0.0,0.0,0.3333333333333333,3.0,0.0,0.0,14.166666666666666,4495.0,307.8333333333333,0.0,0.0,11.0,12.0,0.0,28124.333333333332,1148.3333333333333,478.1666666666667,285.8333333333333,202.0,160.83333333333334,127.33333333333333,114.0,106.33333333333333,463.6666666666667,122.16666666666667,143.5,160.83333333333334,204.83333333333334,312.0,554.1666666666666,1359.1666666666667,5932.5,0.0162171909165163,0.015356226706258892,0.01739095659517118,0.015009995506278448,1113.3137061769617,1453.9398370718109,797.4071971595669,1585.137706536793,0.7564964651715823,0.6820513693858582,0.825560279623293,0.6533607491290356,13.235450262514822,13.367658745789527,13.048395751660523,13.415789748740853
DaunHerbal/2-5.jpg,13059.833333333334,2.3333333333333335,0.0,0.0,0.0,0.0,0.0,0.0,0.0,0.0,0.0,0.0,0.0,0.0,0.0,0.0,18998.333333333332,14.166666666666666,0.0,0.0,787.5,256.6666666666667,0.0,0.0,0.0,0.0,0.0,0.0,0.0,0.0,0.0,0.0,10.833333333333334,0.0,0.0,0.0,2122.6666666666665,510.6666666666667,0.0,0.0,4.833333333333333,197.16666666666666,0.6666666666666666,0.0,0.0,0.0,0.0,0.0,0.0,0.0,0.0,0.0,0.6666666666666666,2.0,0.0,0.0,10.833333333333334,3781.3333333333335,222.33333333333334,0.0,0.0,10.166666666666666,7.0,0.0,28612.833333333332,1188.6666666666667,496.5,307.1666666666667,220.66666666666666,180.83333333333334,133.33333333333334,141.5,121.5,461.5,129.33333333333334,165.33333333333334,183.16666666666666,242.83333333333334,362.3333333333333,608.0,1400.1666666666667,5044.333333333333,0.01814082476520469,0.017153195329889275,0.019547935878583802,0.016823113092127674,1003.5961018363931,1329.8564692197945,689.656988304094,1385.7989213434257,0.7544009512842456,0.6746202032786819,0.8312100976573886,0.6609321989679197,13.005122083788583,13.139906472033703,12.795812061489634,13.172252845657281
DaunHerbal/2-50.jpg,13509.666666666666,0.3333333333333333,0.0,0.0,0.0,0.0,0.0,0.0,0.0,0.0,0.0,0.0,0.0,0.0,0.0,0.0,17583.166666666668,11.5,0.0,0.0,705.0,246.33333333333334,0.0,0.0,0.0,0.0,0.0,0.0,0.0,0.0,0.0,0.0,10.5,0.0,0.0,0.0,2430.5,545.5,0.0,0.0,4.0,183.0,2.0,0.0,0.0,0.0,0.0,0.0,0.0,0.0,0.0,0.0,0.6666666666666666,1.6666666666666667,0.0,0.0,21.833333333333332,4474.166666666667,238.0,0.0,0.0,12.666666666666666,19.5,0.0,28375.333333333332,1173.0,492.8333333333333,262.1666666666667,179.66666666666666,152.66666666666666,119.83333333333333,102.83333333333333,98.33333333333333,432.6666666666667,107.83333333333333,122.0,144.0,201.5,306.1666666666667,532.8333333333334,1402.8333333333333,5793.5,0.015087610863615934,0.014308841112893343,0.016255914649817238,0.014067728643356918,1150.9771452420696,1503.7775406797468,813.5907769423569,1590.7133568478805,0.7496500324919096,0.6729505096063609,0.8229948668160008,0.6540443846669637,13.392862192117565,13.517791382279018,13.195009524924034,13.550980794423488
DaunHerbal/2-6.jpg,13626.333333333334,2.8333333333333335,0.0,0.0,0.0,0.0,0.0,0.0,0.0,0.0,0.0,0.0,0.0,0.0,0.0,0.0,18404.0,14.166666666666666,0.0,0.0,777.1666666666666,227.66666666666666,0.0,0.0,0.0,0.0,0.0,0.0,0.0,0.0,0.0,0.0,12.0,0.0,0.0,0.0,2305.6666666666665,518.5,0.0,0.0,6.833333333333333,204.16666666666666,0.3333333333333333,0.0,0.0,0.0,0.0,0.0,0.0,0.0,0.0,0.0,1.0,1.0,0.0,0.0,22.666666666666668,3674.1666666666665,178.16666666666666,0.0,0.0,13.666666666666666,9.666666666666666,0.0,28848.833333333332,1244.1666666666667,519.6666666666666,323.8333333333333,209.16666666666666,171.83333333333334,139.83333333333334,133.16666666666666,124.0,461.5,126.33333333333333,146.66666666666666,176.16666666666666,232.66666666666666,333.0,585.6666666666666,1380.6666666666667,4842.833333333333,0.016913718138743563,0.016006312399940742,0.018282978501858223,0.01580990429094529,1035.3449749582635,1370.536039598163,712.2079657477035,1403.3541533299024,0.7460317961192594,0.663854783510762,0.8252713131525982,0.6558065342976518,13.15690310627735,13.281970422857775,12.943032545144966,13.305572589704882
DaunHerbal/2-7.jpg,13745.5,1.0,0.0,0.0,0.0,0.0,0.0,0.0,0.0,0.0,0.0,0.0,0.0,0.0,0.0,0.0,18261.666666666668,9.0,0.0,0.0,752.6666666666666,216.33333333333334,0.0,0.0,0.0,0.0,0.0,0.0,0.0,0.0,0.0,0.0,11.666666666666666,0.0,0.0,0.0,2377.5,559.3333333333334,0.0,0.0,7.5,216.5,1.3333333333333333,0.0,0.0,0.0,0.0,0.0,0.0,0.0,0.0,0.0,0.3333333333333333,1.5,0.0,0.0,38.333333333333336,3650.3333333333335,129.16666666666666,0.0,0.0,13.666666666666666,6.666666666666667,0.0,28888.833333333332,1254.3333333333333,503.0,302.5,210.83333333333334,153.33333333333334,128.0,122.0,99.33333333333333,469.1666666666667,121.33333333333333,145.33333333333334,175.16666666666666,238.16666666666666,325.5,568.8333333333334,1353.0,4941.333333333333,0.0168558634323761,0.015915253190781926,0.018145760537278403,0.01575056262455049,1038.0740150250415,1376.5169350755873,702.1023015873028,1392.974711402881,0.7433711624542219,0.6597297730082163,0.8263837414421116,0.655663540147445,13.168197959825822,13.299420570099695,12.953498261909752,13.315076900753073
DaunHerbal/2-8.jpg,14192.166666666666,2.0,0.0,0.0,0.0,0.0,0.0,0.0,0.0,0.0,0.0,0.0,0.0,0.0,0.0,0.0,17917.0,10.166666666666666,0.0,0.0,786.1666666666666,187.16666666666666,0.0,0.0,0.0,0.0,0.0,0.0,0.0,0.0,0.0,0.0,9.333333333333334,0.0,0.0,0.0,2393.5,573.8333333333334,0.0,0.0,9.833333333333334,236.66666666666666,2.0,0.0,0.0,0.0,0.0,0.0,0.0,0.0,0.0,0.0,1.0,0.6666666666666666,0.0,0.0,81.83333333333333,3472.3333333333335,107.0,0.0,0.0,13.0,4.333333333333333,0.0,28822.166666666668,1270.0,543.6666666666666,314.3333333333333,218.33333333333334,168.83333333333334,139.83333333333334,144.0,114.5,470.0,121.66666666666667,158.66666666666666,191.83333333333334,227.5,331.3333333333333,583.0,1381.3333333333333,4799.0,0.017600128840889195,0.016670887544757925,0.019164044585310805,0.016503842831287856,1006.4044407345575,1325.0459454144552,670.3652088554718,1339.2229655942867,0.745443135978519,0.664820433595442,0.8304015021797692,0.661239933897835,13.109215867760021,13.232725254509152,12.878257686807084,13.248609103383135
DaunHerbal/2-9.jpg,14471.0,1.3333333333333333,0.0,0.0,0.0,0.0,0.0,0.0,0.0,0.0,0.0,0.0,0.0,0.0,0.0,0.0,17746.0,9.666666666666666,0.0,0.0,717.0,127.33333333333333,0.0,0.0,0.0,0.0,0.0,0.0,0.0,0.0,0.0,0.0,12.5,0.0,0.0,0.0,2332.3333333333335,546.6666666666666,0.0,0.0,14.5,279.1666666666667,0.3333333333333333,0.0,0.0,0.0,0.0,0.0,0.0,0.0,0.0,0.0,0.6666666666666666,2.3333333333333335,0.0,0.0,136.33333333333334,3525.5,68.66666666666667,0.0,0.0,6.666666666666667,2.0,0.0,28865.166666666668,1273.5,547.5,320.6666666666667,232.16666666666666,183.66666666666666,164.33333333333334,154.66666666666666,156.16666666666666,498.1666666666667,172.33333333333334,186.66666666666666,201.0,274.5,382.8333333333333,628.8333333333334,1396.5,4361.333333333333,0.0200659966958933,0.018920549226395567,0.021761007536413215,0.018717845992364632,941.2972370617704,1261.8619503684092,618.5240935672516,1261.480705101652,0.7577371271505948,0.6752498344741441,0.840771478018509,0.6753494421352528,12.8723503722967,13.012210422102324,12.639433558014053,13.023497548888468
